url,old_title,new_title,old_h1,new_h1,title_changed,h1_changed,old_description,new_description,content_changed,old_text_hash,new_text_hash
https://legionautorent.kz/,,Аренда авто без водителя в Астане | Legion Auto Rent,"[""ПРОКАТ АВТО БЕЗ ВОДИТЕЛЯ В АСТАНЕ,  ЦЕНЫ ОТ 20 000 ТГ/СУТКИ""]","[""ПРОКАТ АВТО БЕЗ ВОДИТЕЛЯ В АСТАНЕ,  ЦЕНЫ ОТ 20 000 ТГ/СУТКИ""]",True,False,,"Прокат автомобилей без водителя в Астане. Актуальный автопарк, цены в тенге, скидки при длительной аренде. Оставьте заявку в Legion Auto Rent.",True,25f5930b359cddb7a93093da67c08337e88775445448cd44b854ba32d71f3370,0dcdbb52de4188984a54b1c3ee0d7e24c15810c423359db812daacfeafc9d706
https://legionautorent.kz/kostanay/,,Аренда авто без водителя в Костанае | Legion Auto Rent,"[""ПРОКАТ АВТО БЕЗ ВОДИТЕЛЯ В КОСТАНАЕ,  ЦЕНЫ ОТ 20 000 ТГ/СУТКИ""]","[""ПРОКАТ АВТО БЕЗ ВОДИТЕЛЯ В КОСТАНАЕ,  ЦЕНЫ ОТ 20 000 ТГ/СУТКИ""]",True,False,Kostanay description,Kostanay description,True,75efb712f4f180c2b78469b8cfa29d3ac955bb4862cc319d00a9ad9fa3777e16,ffa1075ccddf00e54663610ab2e91b61aa80710f6b9a1a27a9a9cb75b0c0e7f4
https://legionautorent.kz/ustkamenogorsk/,Прокат авто,Прокат авто,"[""ПРОКАТ АВТО БЕЗ ВОДИТЕЛЯ В УСТЬ-КАМЕНОГОРСКЕ, ЦЕНЫ ОТ 20 000 ТГ/СУТКИ""]","[""ПРОКАТ АВТО БЕЗ ВОДИТЕЛЯ В УСТЬ-КАМЕНОГОРСКЕ, ЦЕНЫ ОТ 20 000 ТГ/СУТКИ""]",False,False,,"Прокат автомобилей без водителя в Усть-Каменогорске. Актуальный автопарк, цены в тенге, скидки при длительной аренде. Оставьте заявку в Legion Auto Rent.",True,544bdf028dd2bdfe1162491ef2fe1d27d624fb2089349a0111c656e3cfece188,c845d8fe691cb1873fe030776ba7617a7212d54bb5712e6a1517c9c88ad68373
https://legionautorent.kz/pavlodar/,Прокат авто в Павлодаре,Прокат авто в Павлодаре,"[""ПРОКАТ АВТО БЕЗ ВОДИТЕЛЯ В ПАВЛОДАРЕ, ЦЕНЫ ОТ 20 000 ТГ/СУТКИ""]","[""ПРОКАТ АВТО БЕЗ ВОДИТЕЛЯ В ПАВЛОДАРЕ, ЦЕНЫ ОТ 20 000 ТГ/СУТКИ""]",False,False,,"Прокат автомобилей без водителя в Павлодаре. Актуальный автопарк, цены в тенге, скидки при длительной аренде. Оставьте заявку в Legion Auto Rent.",True,781f3e62293624e2c517620d0af00eb19e75f4b64fe88d6b054df6ff95b3e32b,2aa590346f09c56bd493448b087c79f931cb4f6cde882a3deeaf66832af403ac
https://legionautorent.kz/car/lexus-lx-570-superior,Lexus Lx 570 Superior,Lexus Lx 570 Superior,"[""Аренда Lexus Lx 570 Superior""]","[""Аренда Lexus Lx 570 Superior""]",False,False,,Аренда Lexus Lx 570 Superior без водителя: 180 000 ₸ в сутки. Фотографии  скидки при длительной аренде и заявка менеджеру в Legion Auto Rent.,True,b277494dc61f7e8fd8307b1bb9a678a4f910a91ad22d79fdadd8638150cbf14e,37d93cf6ae0c00e71d01d261106954965cd7fa6647d9fa47d597543df4b1860c
https://legionautorent.kz/car/mercedes-s-500,MERCEDES W 222 S-500,MERCEDES W 222 S-500,"[""Аренда MERCEDES W 222 S-500""]","[""Аренда MERCEDES W 222 S-500""]",False,False,,Аренда MERCEDES W 222 S-500 без водителя: 140 000 ₸ в сутки. Фотографии  скидки при длительной аренде и заявка менеджеру в Legion Auto Rent.,True,d7f9829ffe347ee707dc912b1add9fa3b084721a4fc632ff2e7058c1096b919b,d5a4a0d9a5f7e4ed2deb3e51b147809df1229ec7cc61c194de616221a9682351
https://legionautorent.kz/car/mercedes-w-222-s-400,Mercedes W 222 S 400,Mercedes W 222 S 400,"[""Аренда Mercedes W 222 S 400""]","[""Аренда Mercedes W 222 S 400""]",False,False,,Аренда Mercedes W 222 S 400 без водителя: 120 000 ₸ в сутки. Фотографии  скидки при длительной аренде и заявка менеджеру в Legion Auto Rent.,True,115a3e68409e8de9f1ea66dd9b9a382273515f2d5de8c0f12f09414fef12348e,55ca49c177808129a2439023d42fdbba004d5ad00d2a60d3807caa413c91103a
https://legionautorent.kz/car/toyota-lc-200-luxe,Toyota LC 200 Luxe,Toyota LC 200 Luxe,"[""Аренда Toyota LC 200 Luxe""]","[""Аренда Toyota LC 200 Luxe""]",False,False,,Аренда Toyota LC 200 Luxe без водителя: 95 000 ₸ в сутки. Фотографии  скидки при длительной аренде и заявка менеджеру в Legion Auto Rent.,True,6ebff36809d08ed294409bf0eccfe3cb664582ae47a666c87d0634e304ce6993,452f160dab0274a7c6dbbb218eb772cc6ffa9ef476f8bc71e80c69c18e65acfc
https://legionautorent.kz/car/toyota-lc-200-excalibur,TOYOTA LC 200 EXCALIBUR,TOYOTA LC 200 EXCALIBUR,"[""Аренда TOYOTA LC 200 EXCALIBUR""]","[""Аренда TOYOTA LC 200 EXCALIBUR""]",False,False,,Аренда TOYOTA LC 200 EXCALIBUR без водителя: 120 000 ₸ в сутки. Фотографии  скидки при длительной аренде и заявка менеджеру в Legion Auto Rent.,True,f8817612b469ec03713ba755bf201a8091d4079efb2326ec4ed72b8cbd61e554,173f189654db195daa0d6a3c594b04baed3000eb36a150e953a6b912eb0aa364
https://legionautorent.kz/car/range-rover,RANGE ROVER,RANGE ROVER,"[""Аренда RANGE ROVER""]","[""Аренда RANGE ROVER""]",False,False,,Аренда RANGE ROVER без водителя: 100 000 ₸ в сутки. Фотографии  скидки при длительной аренде и заявка менеджеру в Legion Auto Rent.,True,f9082956f1ba9c6bf14caa838d2a33773fb0a1b55f4ffc5eac33bdabb644932c,32a763d8ff9078df80e9c4e5e331856761818b45fc35be4f4113234f2750cdd1
https://legionautorent.kz/car/toyota-land-cruiser-200-new,Toyota Land Cruiser 200,Toyota Land Cruiser 200,"[""Аренда Toyota Land Cruiser 200""]","[""Аренда Toyota Land Cruiser 200""]",False,False,,Аренда Toyota Land Cruiser 200 без водителя: 80 000 ₸ в сутки. Фотографии  скидки при длительной аренде и заявка менеджеру в Legion Auto Rent.,True,8bfe1f30661439e7fedc186e58ce2af2be9171112d3a8bcf622f03c304b64dac,14c7b56934d35f79474685de2e3ec7173f4a74369fd36dc63643ba4a9f61f146
https://legionautorent.kz/car/toyota-land-cruiser-200_20240429104403,Toyota Land Cruiser 200,Toyota Land Cruiser 200,"[""Аренда Toyota Land Cruiser 200""]","[""Аренда Toyota Land Cruiser 200""]",False,False,,Аренда Toyota Land Cruiser 200 без водителя: 80 000 ₸ в сутки. Фотографии  скидки при длительной аренде и заявка менеджеру в Legion Auto Rent.,True,8bfe1f30661439e7fedc186e58ce2af2be9171112d3a8bcf622f03c304b64dac,14c7b56934d35f79474685de2e3ec7173f4a74369fd36dc63643ba4a9f61f146
https://legionautorent.kz/car/toyota-land-cruiser-200,TOYOTA LAND CRUISER 200,TOYOTA LAND CRUISER 200,"[""Аренда TOYOTA LAND CRUISER 200""]","[""Аренда TOYOTA LAND CRUISER 200""]",False,False,,Аренда TOYOTA LAND CRUISER 200 без водителя: 100 000 ₸ в сутки. Фотографии  скидки при длительной аренде и заявка менеджеру в Legion Auto Rent.,True,1321c7c352c7d09dbf419306c39ec45df60d718698782dd80e9030beeb964cda,3f7a37b1e247712b9b2f67cad3a429da2f1bf47ad39d4af9f8f5afa185a00811
https://legionautorent.kz/car/toyota-land-cruiser-200_20211104112631,TOYOTA LAND CRUISER 200,TOYOTA LAND CRUISER 200,"[""Аренда TOYOTA LAND CRUISER 200""]","[""Аренда TOYOTA LAND CRUISER 200""]",False,False,,Аренда TOYOTA LAND CRUISER 200 без водителя: 100 000 ₸ в сутки. Фотографии  скидки при длительной аренде и заявка менеджеру в Legion Auto Rent.,True,1321c7c352c7d09dbf419306c39ec45df60d718698782dd80e9030beeb964cda,3f7a37b1e247712b9b2f67cad3a429da2f1bf47ad39d4af9f8f5afa185a00811
https://legionautorent.kz/car/mercedes-g-500,Mercedes G 500,Mercedes G 500,"[""Аренда Mercedes G 500""]","[""Аренда Mercedes G 500""]",False,False,,Аренда Mercedes G 500 без водителя: 70 000 ₸ в сутки. Фотографии  скидки при длительной аренде и заявка менеджеру в Legion Auto Rent.,True,252d8fb525e0284625d01b210489c36e45717069b7df833e7a01e484eccf71c7,fd0e0737cae99df6d004d4ebc530400326d09676f533432c4d75e620e5716f5c
https://legionautorent.kz/car/lexus-gs-350-f-sport,Lexus GS 350 F SPORT,Lexus GS 350 F SPORT,"[""Аренда Lexus GS 350 F SPORT""]","[""Аренда Lexus GS 350 F SPORT""]",False,False,,Аренда Lexus GS 350 F SPORT без водителя: 55 000 ₸ в сутки. Фотографии  скидки при длительной аренде и заявка менеджеру в Legion Auto Rent.,True,3234d766a064be5033de1d324e3c75792409aeaae036bb7e46bd5c128f739a81,bc775d09f0089029ca81a9b672d78159b270e0a660600cdcd737b55b343181f5
https://legionautorent.kz/car/mercedes-benz-s221,Mercedes W221 S-550,Mercedes W221 S-550,"[""Аренда Mercedes W221 S-550""]","[""Аренда Mercedes W221 S-550""]",False,False,,Аренда Mercedes W221 S-550 без водителя: 55 000 ₸ в сутки. Фотографии  скидки при длительной аренде и заявка менеджеру в Legion Auto Rent.,True,4721230191ee956013f9c233ba09167d7cc9c07d661f839ce887fa3893295b8c,902d5c49b0cb3f55ac93afc999a59f5049384ae6f80f68f884ee74c433ac3ed3
https://legionautorent.kz/car/hyundai-sonata-n-line,HYUNDAI SONATA N-LINE,HYUNDAI SONATA N-LINE,"[""Аренда HYUNDAI SONATA N-LINE""]","[""Аренда HYUNDAI SONATA N-LINE""]",False,False,,Аренда HYUNDAI SONATA N-LINE без водителя: 55 000 ₸ в сутки. Фотографии  скидки при длительной аренде и заявка менеджеру в Legion Auto Rent.,True,b0ccc265f30cc19a5d411b8672ac1b54264369d74b91f8579ff5d8363426c826,98101ed5608a1370b0e1d87ffe7c28bf67658d5c5f23ab7f3743ced4929e1e08
https://legionautorent.kz/car/toyota-lc-200,Toyota LC 200,Toyota LC 200,"[""Аренда Toyota LC 200""]","[""Аренда Toyota LC 200""]",False,False,,Аренда Toyota LC 200 без водителя: 50 000 ₸ в сутки. Фотографии  скидки при длительной аренде и заявка менеджеру в Legion Auto Rent.,True,99ff7fe3d64e7f8358f87de418bab51c3d96b92ce036e1cf179790e95d88124e,3a29ba90aea1c7dd9d9fd23742f441edeb257aa5b150d5d19c537715cd4463f1
https://legionautorent.kz/car/mercedes-w-212-e-class,Mercedes W 212 E class,Mercedes W 212 E class,"[""Аренда Mercedes W 212 E class""]","[""Аренда Mercedes W 212 E class""]",False,False,,Аренда Mercedes W 212 E class без водителя: 50 000 ₸ в сутки. Фотографии  скидки при длительной аренде и заявка менеджеру в Legion Auto Rent.,True,7b45f4cdbaef95eb496cf774452d98d091c6e2f69c130b91adf2aa49f9c7d785,ac47bc1cf90a88c9f1a6b663917345689e376076114be3dae9dd67ec500cf5e3
https://legionautorent.kz/car/toyota-camry-xv-70-luxe-safety,Toyota Camry XV 70 Luxe Safety,Toyota Camry XV 70 Luxe Safety,"[""Аренда Toyota Camry XV 70 Luxe Safety""]","[""Аренда Toyota Camry XV 70 Luxe Safety""]",False,False,,Аренда Toyota Camry XV 70 Luxe Safety без водителя: 45 000 ₸ в сутки. Фотографии  скидки при длительной аренде и заявка менеджеру в Legion Auto Rent.,True,a468532a82cc165ae6a089ccb2e59c7a1bd3bbf2b8a5e5cab274ae2e6b14edd6,42049ba69cc634df8ffaeb7917243d6005c222142ac29f1503f6b20d0661685b
https://legionautorent.kz/car/toyota-camry-xv-70-prestige-plus,Toyota Camry XV 70  Prestige Plus,Toyota Camry XV 70  Prestige Plus,"[""Аренда Toyota Camry XV 70  Prestige Plus""]","[""Аренда Toyota Camry XV 70  Prestige Plus""]",False,False,,Аренда Toyota Camry XV 70  Prestige Plus без водителя: 45 000 ₸ в сутки. Фотографии  скидки при длительной аренде и заявка менеджеру в Legion Auto Rent.,True,0ff3178c5aa440a3fdfbb106f4e165bcb62c7b90de3b56b1aad635770e492010,21e8f670bc217c378624137859576d92a05b6034dbcecbe85b814214671e81ce
https://legionautorent.kz/car/toyota-camry-xv-70-prestige-plus_20230127093610,Toyota Camry XV 70  Prestige plus,Toyota Camry XV 70  Prestige plus,"[""Аренда Toyota Camry XV 70  Prestige plus""]","[""Аренда Toyota Camry XV 70  Prestige plus""]",False,False,,Аренда Toyota Camry XV 70  Prestige plus без водителя: 45 000 ₸ в сутки. Фотографии  скидки при длительной аренде и заявка менеджеру в Legion Auto Rent.,True,40e9acdf1d9e9e629e6ff63f8fd51d5659c127af8289c3197693d620f82cd57a,3da91058f38ef23793493a2341bdc18fa7a3a83fdebfb2d6509e6b4fa37b28f6
https://legionautorent.kz/car/hyundai-sonata,Hyundai Sonata,Hyundai Sonata,"[""Аренда Hyundai Sonata""]","[""Аренда Hyundai Sonata""]",False,False,,Аренда Hyundai Sonata без водителя: 45 000 ₸ в сутки. Фотографии  скидки при длительной аренде и заявка менеджеру в Legion Auto Rent.,True,b2a619555a93baf44313d8439bb2b85008c4016c58b821ca90429d604ae8bc2b,d88dd90145fef302f9c1930b3751dc862899e6f67d5c71edb815f9042add9c6f
https://legionautorent.kz/car/toyota-camry-70-usa-komplektacia-se,"Toyota Camry 70 USA, комплектация SE","Toyota Camry 70 USA, комплектация SE","[""Аренда Toyota Camry 70 USA, комплектация SE""]","[""Аренда Toyota Camry 70 USA, комплектация SE""]",False,False,,Аренда Toyota Camry 70 USA  комплектация SE без водителя: 35 000 ₸ в сутки. Фотографии  скидки при длительной аренде и заявка менеджеру в Legion Auto Rent.,True,1b554e73dd2e1c3638200b07d36f596dae11f5977e20db191315cd68eaf4604c,48a7b1e7d2563e2dda7456d7dbaecdea3922c0361d9234bf6cff8ac19ec1d17d
https://legionautorent.kz/car/toyota-camry-xv-55-n5,Toyota Camry XV 55 N5,Toyota Camry XV 55 N5,"[""Аренда Toyota Camry XV 55 N5""]","[""Аренда Toyota Camry XV 55 N5""]",False,False,,Аренда Toyota Camry XV 55 N5 без водителя: 40 000 ₸ в сутки. Фотографии  скидки при длительной аренде и заявка менеджеру в Legion Auto Rent.,True,6091fb5e42c5790ba0a8cbfbe0e8d2a27f26e2d294c03af9213fc519b8c72d4b,5bc17855f670800381daf89e7d547c944547f209585f2733359364938cfd1489
https://legionautorent.kz/car/kia-k-5,KIA K-5,KIA K-5,"[""Аренда KIA K-5""]","[""Аренда KIA K-5""]",False,False,,Аренда KIA K-5 без водителя: 45 000 ₸ в сутки. Фотографии  скидки при длительной аренде и заявка менеджеру в Legion Auto Rent.,True,e29173c63ddb1c60e9c2ac3e7d69862e594e5869daed9481f15680ebe49c181a,a3e671060edd8f4df56b7066307ba76cef3eb82b2b74a68fe1c12cc7a799c171
https://legionautorent.kz/car/toyota-camry-xv-70,Toyota Camry XV 70,Toyota Camry XV 70,"[""Аренда Toyota Camry XV 70""]","[""Аренда Toyota Camry XV 70""]",False,False,,Аренда Toyota Camry XV 70 без водителя: 45 000 ₸ в сутки. Фотографии  скидки при длительной аренде и заявка менеджеру в Legion Auto Rent.,True,1f5951800faf3ccc27e0653c84f7048cc654fe5fd334b35a2d22dab75153a641,e00a44a88abea07400fa0e3e86b227f4de02b3ee1f6b29c017ccad443f39ac09
https://legionautorent.kz/car/kia-spotage-2023,KIA SPOTAGE 2023,KIA SPOTAGE 2023,"[""Аренда KIA SPOTAGE 2023""]","[""Аренда KIA SPOTAGE 2023""]",False,False,,Аренда KIA SPOTAGE 2023 без водителя: 40 000 ₸ в сутки. Фотографии  скидки при длительной аренде и заявка менеджеру в Legion Auto Rent.,True,e6f51adc4ec4f1375be609efd06686fe8117db044d34b7c4a9ca17fe41d4fda0,7da4b4bc63d3569b48924f07b86c339ba904c576621e57301f0a678f02e6e963
https://legionautorent.kz/car/hyundai-tucson,Hyundai Tucson,Hyundai Tucson,"[""Аренда Hyundai Tucson""]","[""Аренда Hyundai Tucson""]",False,False,,Аренда Hyundai Tucson без водителя: 40 000 ₸ в сутки. Фотографии  скидки при длительной аренде и заявка менеджеру в Legion Auto Rent.,True,fb1e413e46599f706e692ba7d360963ac08ca071f93be3451400aede8822f40e,77d723fee5e4c6dc50b3d520b59506dba854a702f5fe08ac368242c1e3264733
https://legionautorent.kz/car/toyota-camry-xv-55-n4-navi-15-31,Toyota Camry XV 55 N4 Navi,Toyota Camry XV 55 N4 Navi,"[""Аренда Toyota Camry XV 55 N4 Navi""]","[""Аренда Toyota Camry XV 55 N4 Navi""]",False,False,,Аренда Toyota Camry XV 55 N4 Navi без водителя: 35 000 ₸ в сутки. Фотографии  скидки при длительной аренде и заявка менеджеру в Legion Auto Rent.,True,cb95aaebbcfba30297475662898c7bbb6e1736fea56afb186dba29d9c6c411ec,e0959f7a6e1f9df75808486f90660f68c2fa650f359d87a7c2c4b2f450a73a8e
https://legionautorent.kz/car/kia-sportage-2020-god,KIA SPORTAGE 2020 год,KIA SPORTAGE 2020 год,"[""Аренда KIA SPORTAGE 2020 год""]","[""Аренда KIA SPORTAGE 2020 год""]",False,False,,Аренда KIA SPORTAGE 2020 год без водителя: 35 000 ₸ в сутки. Фотографии  скидки при длительной аренде и заявка менеджеру в Legion Auto Rent.,True,2f0c5778841665d2ee824fbae933a554664ced662a08b552e566ac155256a04f,1cd9a610db6c198e9ddd56f6b29b9436b61cf873f6c953dc71120519be152e67
https://legionautorent.kz/car/toyota-camry-xv-55_20231013120702,Toyota Camry XV 55,Toyota Camry XV 55,"[""Аренда Toyota Camry XV 55""]","[""Аренда Toyota Camry XV 55""]",False,False,,Аренда Toyota Camry XV 55 без водителя: 35 000 ₸ в сутки. Фотографии  скидки при длительной аренде и заявка менеджеру в Legion Auto Rent.,True,e076522a5ed001ae4a8a52cd460cc9f84005caaf721f26d92c5249781a0ce3f4,22cacbf60a0f514cc865817d584da820206f565e3652d759da106ecc25fe48da
https://legionautorent.kz/car/kia-seltos,KIA SELTOS,KIA SELTOS,"[""Аренда KIA SELTOS""]","[""Аренда KIA SELTOS""]",False,False,,Аренда KIA SELTOS без водителя: 35 000 ₸ в сутки. Фотографии  скидки при длительной аренде и заявка менеджеру в Legion Auto Rent.,True,1127d4e3700ae932d2c135d62fa1b72f04c54a46a6f6398a97af87a24a72f8a5,594be2dc2ceecc570ec00623747c8f5df3882d5efeb5e62a4f5a410b723f423a
https://legionautorent.kz/car/toyota-camry-xv-55,Toyota Camry XV 55,Toyota Camry XV 55,"[""Аренда Toyota Camry XV 55""]","[""Аренда Toyota Camry XV 55""]",False,False,,Аренда Toyota Camry XV 55 без водителя: 30 000 ₸ в сутки. Фотографии  скидки при длительной аренде и заявка менеджеру в Legion Auto Rent.,True,638e126124291c20d1ee75dd6de5b717dd53928856352bdd7aa32de5779b7530,7b005fdb814b0998f742d04290319a50a0eb94c66932c6680c2758e7b29072b3
https://legionautorent.kz/car/toyota-camry-xv-55_20230127093040,Toyota Camry XV 55,Toyota Camry XV 55,"[""Аренда Toyota Camry XV 55""]","[""Аренда Toyota Camry XV 55""]",False,False,,Аренда Toyota Camry XV 55 без водителя: 30 000 ₸ в сутки. Фотографии  скидки при длительной аренде и заявка менеджеру в Legion Auto Rent.,True,638e126124291c20d1ee75dd6de5b717dd53928856352bdd7aa32de5779b7530,e502c9f78490a1706044a542f7058b2a94e92d9c832fdffe94c11caab4f49f3c
https://legionautorent.kz/car/toyota-camry-xv-55_20230201112348,TOYOTA CAMRY XV 55,TOYOTA CAMRY XV 55,"[""Аренда TOYOTA CAMRY XV 55""]","[""Аренда TOYOTA CAMRY XV 55""]",False,False,,Аренда TOYOTA CAMRY XV 55 без водителя: 30 000 ₸ в сутки. Фотографии  скидки при длительной аренде и заявка менеджеру в Legion Auto Rent.,True,8fd774fd7b7abadea8423a7822ac0dc4b3f8bc8190bb2abb2ef841d687926cad,817f346ce33c50339c80f1551707eee9b6113094da991e25e191185e01c8beca
https://legionautorent.kz/car/toyota-camry-xv-55_20230306085552,TOYOTA CAMRY XV 55,TOYOTA CAMRY XV 55,"[""Аренда TOYOTA CAMRY XV 55""]","[""Аренда TOYOTA CAMRY XV 55""]",False,False,,Аренда TOYOTA CAMRY XV 55 без водителя: 35 000 ₸ в сутки. Фотографии  скидки при длительной аренде и заявка менеджеру в Legion Auto Rent.,True,eb93c5aa992fd4e510138e212860fa1b0998c4c6947948e7ad9d820853cb3974,e200b9ea65948b8247e7b5f50da4c5896079de98c7f77cc2694f2b812ba14606
https://legionautorent.kz/car/hyundai-tucson_20240515094333,HYUNDAI TUCSON,HYUNDAI TUCSON,"[""Аренда HYUNDAI TUCSON""]","[""Аренда HYUNDAI TUCSON""]",False,False,,Аренда HYUNDAI TUCSON без водителя: 27 000 ₸ в сутки. Фотографии  скидки при длительной аренде и заявка менеджеру в Legion Auto Rent.,True,f69c1f9dd08abc193e9fa9515b71ac44ed587acc1ef830c3fe6baf1f6acedf2f,e5b10423f95607af9763c5ba80c87e99b24d4fd2c7d47747aae57fb11bf7ec09
https://legionautorent.kz/car/lexus-gs-350-awd-restajling,Lexus GS 350 AWD Рестайлинг,Lexus GS 350 AWD Рестайлинг,"[""Аренда Lexus GS 350 AWD Рестайлинг""]","[""Аренда Lexus GS 350 AWD Рестайлинг""]",False,False,,Аренда Lexus GS 350 AWD Рестайлинг без водителя: 30 000 ₸ в сутки. Фотографии  скидки при длительной аренде и заявка менеджеру в Legion Auto Rent.,True,0b9d1409ce947594b12d2cc35091cc4843a9ff5cb6d54da946df1a74da61ee28,a734de23f537a804df2ffa0f22d8dfee68a007f92137f47df0757979cc4d80c5
https://legionautorent.kz/car/hyundai-elantra,HYUNDAI ELANTRA,HYUNDAI ELANTRA,"[""Аренда HYUNDAI ELANTRA""]","[""Аренда HYUNDAI ELANTRA""]",False,False,,Аренда HYUNDAI ELANTRA без водителя: 32 000 ₸ в сутки. Фотографии  скидки при длительной аренде и заявка менеджеру в Legion Auto Rent.,True,eeefa08fecb5c9d39e2e4ce07a3712a2707d9f32e358df897db58ddd4548f592,7a87800fd9573f02f7f97b8d37335a9f3017097e4d253be3c2b69c83baae0def
https://legionautorent.kz/car/hyundai-elantra_20230815091736,HYUNDAI ELANTRA,HYUNDAI ELANTRA,"[""Аренда HYUNDAI ELANTRA""]","[""Аренда HYUNDAI ELANTRA""]",False,False,,Аренда HYUNDAI ELANTRA без водителя: 23 000 ₸ в сутки. Фотографии  скидки при длительной аренде и заявка менеджеру в Legion Auto Rent.,True,5a90a9085f3161079d787f8031f9d053fe42de5102cf775fcef748537da82691,8fad191977df1c76645ece7771ead485fa09c713a065a9257c8fd9530ed2a3f1
https://legionautorent.kz/car/hyundai-accent,Hyundai Accent,Hyundai Accent,"[""Аренда Hyundai Accent""]","[""Аренда Hyundai Accent""]",False,False,,Аренда Hyundai Accent без водителя: 23 000 ₸ в сутки. Фотографии  скидки при длительной аренде и заявка менеджеру в Legion Auto Rent.,True,2f2e9b470be2a2070b2594e05ec82c63b7d7b20724c24d4f52b8a98264a75400,ccd85be5a69c4e7dbc5e9855e7eb1e3c58de9cee70acd033014b0db600feea78
https://legionautorent.kz/car/hyundai-accent-2015-god-1-6-avtomat,Hyundai Accent,Hyundai Accent,"[""Аренда Hyundai Accent""]","[""Аренда Hyundai Accent""]",False,False,,Аренда Hyundai Accent без водителя: 20 000 ₸ в сутки. Фотографии  скидки при длительной аренде и заявка менеджеру в Legion Auto Rent.,True,7eaeb1071e672979bff002cc394f024516c30a355212bf295afcd923b69e81ed,abc878cdd3da53f71043f5b3b656b445e8894fe192269030eb407afb8399406e
https://legionautorent.kz/car/chevrolet-cobalt-2022-1-5-avtomat,Chevrolet Cobalt,Chevrolet Cobalt,"[""Аренда Chevrolet Cobalt""]","[""Аренда Chevrolet Cobalt""]",False,False,,Аренда Chevrolet Cobalt без водителя: 20 000 ₸ в сутки. Фотографии  скидки при длительной аренде и заявка менеджеру в Legion Auto Rent.,True,3b4bef335b3e93429a2f9042d4ca1091e077ba81d364e98661f7367f0f5f6f6d,e9dc4633d84c7b7cd3acd3d37015385007c8e5d71f8fc71c958db1d4de2cf8cc
https://legionautorent.kz/car/hyundai-accent_20231115121923,Hyundai Accent,Hyundai Accent,"[""Аренда Hyundai Accent""]","[""Аренда Hyundai Accent""]",False,False,,Аренда Hyundai Accent без водителя: 20 000 ₸ в сутки. Фотографии  скидки при длительной аренде и заявка менеджеру в Legion Auto Rent.,True,7eaeb1071e672979bff002cc394f024516c30a355212bf295afcd923b69e81ed,5d02d01190b3a50e56079d9ef8e0ba1b6fe4b999fdb57dc2d85a40957229258b
https://legionautorent.kz/car/bmw-530i-x-drive,BMW 530i X-DRIVE,BMW 530i X-DRIVE,"[""Аренда BMW 530i X-DRIVE""]","[""Аренда BMW 530i X-DRIVE""]",False,False,,Аренда BMW 530i X-DRIVE без водителя: 90 000 ₸ в сутки. Фотографии  скидки при длительной аренде и заявка менеджеру в Legion Auto Rent.,True,6029f5685d31fbd48c256276a57a14c3db0a6b8adb6f9b37c72dc35ba831ce4d,412f861b13728b4f797bbc820e4bc5f51e5810955812518d3f88cc772a38acba
https://legionautorent.kz/car/bmw-x6,BMW X6,BMW X6,"[""Аренда BMW X6""]","[""Аренда BMW X6""]",False,False,,Аренда BMW X6 без водителя: 80 000 ₸ в сутки. Фотографии  скидки при длительной аренде и заявка менеджеру в Legion Auto Rent.,True,90f6424ba9c7687ed53286097bc60656d5961c564fc0332a1adcb8758e937738,9f350209ab2a90f5c07aa44007d8301547062c77b22457304cff53239e36eafc
https://legionautorent.kz/car/bmw-x6_20241001102848,BMW X6,BMW X6,"[""Аренда BMW X6""]","[""Аренда BMW X6""]",False,False,,Аренда BMW X6 без водителя: 80 000 ₸ в сутки. Фотографии  скидки при длительной аренде и заявка менеджеру в Legion Auto Rent.,True,90f6424ba9c7687ed53286097bc60656d5961c564fc0332a1adcb8758e937738,9f350209ab2a90f5c07aa44007d8301547062c77b22457304cff53239e36eafc
https://legionautorent.kz/car/bmw-x6_20260622070809,Bmw X6,Bmw X6,"[""Аренда Bmw X6""]","[""Аренда Bmw X6""]",False,False,,Аренда Bmw X6 без водителя: 200 000 ₸ в сутки. Фотографии  скидки при длительной аренде и заявка менеджеру в Legion Auto Rent.,True,16a00facb3994ba67fc998a78fef0d84a7fe4c3c515c212271d04df692bd5fe3,17ec37957085b8b069467f8bef16fb79149ebcc450d07b664a1aa9b805d2f14e
https://legionautorent.kz/car/changan-x5-plus,Changan X5 Plus,Changan X5 Plus,"[""Аренда Changan X5 Plus""]","[""Аренда Changan X5 Plus""]",False,False,,Аренда Changan X5 Plus без водителя: 28 000 ₸ в сутки. Фотографии  скидки при длительной аренде и заявка менеджеру в Legion Auto Rent.,True,b40c94b40f89ad058bd24dd9422dfaa676c12615060c472d42440f9d342d2432,2292236f0864d9bf1260e5cfabefde0ae76e2a3c7b5e31c8294d32b014a2caf1
https://legionautorent.kz/car/chevrolet-cobalt,Chevrolet Cobalt,Chevrolet Cobalt,"[""Аренда Chevrolet Cobalt""]","[""Аренда Chevrolet Cobalt""]",False,False,,Аренда Chevrolet Cobalt без водителя: 20 000 ₸ в сутки. Фотографии  скидки при длительной аренде и заявка менеджеру в Legion Auto Rent.,True,3b4bef335b3e93429a2f9042d4ca1091e077ba81d364e98661f7367f0f5f6f6d,d67543bad913c87dcac67805d340f746b7ee2a5f417e26e7594bad2c24af6fc9
https://legionautorent.kz/car/chevrolet-tahoe,CHEVROLET TAHOE,CHEVROLET TAHOE,"[""Аренда CHEVROLET TAHOE""]","[""Аренда CHEVROLET TAHOE""]",False,False,,Аренда CHEVROLET TAHOE без водителя: 200 000 ₸ в сутки. Фотографии  скидки при длительной аренде и заявка менеджеру в Legion Auto Rent.,True,1320f8fa84cdea176215259a1c2e0e227bf8950a088c7e2def91ce5abb6cc85f,28b7da0df26047bf254d62fbc05ee49a0b3c850434562a62220945a659901822
https://legionautorent.kz/car/hyundai-accent_20241125134834,Hyundai Accent,Hyundai Accent,"[""Аренда Hyundai Accent""]","[""Аренда Hyundai Accent""]",False,False,,Аренда Hyundai Accent без водителя: 23 000 ₸ в сутки. Фотографии  скидки при длительной аренде и заявка менеджеру в Legion Auto Rent.,True,2f2e9b470be2a2070b2594e05ec82c63b7d7b20724c24d4f52b8a98264a75400,572ba65a30a644570528646d394fda8f5fa9c8b7ff9a17786990bd9bfa42ff6f
https://legionautorent.kz/car/hyundai-elantra_20240819123613,HYUNDAI ELANTRA,HYUNDAI ELANTRA,"[""Аренда HYUNDAI ELANTRA""]","[""Аренда HYUNDAI ELANTRA""]",False,False,,Аренда HYUNDAI ELANTRA без водителя: 32 000 ₸ в сутки. Фотографии  скидки при длительной аренде и заявка менеджеру в Legion Auto Rent.,True,eeefa08fecb5c9d39e2e4ce07a3712a2707d9f32e358df897db58ddd4548f592,43a355a681fa274345c192983d0a19f59521cbf97cb66e39c6b758e0155810cb
https://legionautorent.kz/car/hyundai-elantra_20260403070232,Hyundai Elantra,Hyundai Elantra,"[""Аренда Hyundai Elantra""]","[""Аренда Hyundai Elantra""]",False,False,,Аренда Hyundai Elantra без водителя: 32 000 ₸ в сутки. Фотографии  скидки при длительной аренде и заявка менеджеру в Legion Auto Rent.,True,12354a834b13d0d6d9a8f5e5c8ba8038146df6ce7e10ba6bc3ca6a8a279e9b0f,0264d12760874cd3e0796f0c9d14fbacdf5165cda47ab0c2b1313bd9db151cdf
https://legionautorent.kz/car/hyundai-mufasa_20260403064415,Hyundai Mufasa,Hyundai Mufasa,"[""Аренда Hyundai Mufasa""]","[""Аренда Hyundai Mufasa""]",False,False,Hyundai Mufasa,Hyundai Mufasa,True,863bb27f08d95deebc030cac3945637ffe615d6bc10378f113d04c1474f5725a,163aac5fe905bb1b64cfee19e8ad1f0bc6532798df19e3547d4208bb1da2f8d1
https://legionautorent.kz/car/hyundai-santa-fe,Hyundai Santa Fe,Hyundai Santa Fe,"[""Аренда Hyundai Santa Fe""]","[""Аренда Hyundai Santa Fe""]",False,False,,Аренда Hyundai Santa Fe без водителя: 50 000 ₸ в сутки. Фотографии  скидки при длительной аренде и заявка менеджеру в Legion Auto Rent.,True,4ed9c45cc443ef2e3eeb4cf65daffcbd8e0e1f59a6cd5677f3b10997b1f61815,1e3cdc3012bf1d538ea7b280410dde72f29326482334bd78904815fff9f01c4f
https://legionautorent.kz/car/hyundai-santa-fe-high-tech,Hyundai Santa Fe High Tech,Hyundai Santa Fe High Tech,"[""Аренда Hyundai Santa Fe High Tech""]","[""Аренда Hyundai Santa Fe High Tech""]",False,False,,Аренда Hyundai Santa Fe High Tech без водителя: 70 000 ₸ в сутки. Фотографии  скидки при длительной аренде и заявка менеджеру в Legion Auto Rent.,True,8dbc3ff970f7935ae8c2918491f23bb66aeae4a8bf469bf4218670ffca46ef0f,489ddbcf2c799a6d520b074d1db6134eb2cfe88cb67a55164c6a791d95d76713
https://legionautorent.kz/car/hyundai-santa-fe_20241218064857,Hyundai Santa Fe,Hyundai Santa Fe,"[""Аренда Hyundai Santa Fe""]","[""Аренда Hyundai Santa Fe""]",False,False,,Аренда Hyundai Santa Fe без водителя: 70 000 ₸ в сутки. Фотографии  скидки при длительной аренде и заявка менеджеру в Legion Auto Rent.,True,72721b166c557142e3fad8ea50ea0b0e8022e90f1a7bfd11f9e3eed1b7ad0372,3479b1ae84ed19b4ae1cc17c660698dd840eedaf1a362d0388610ac6df5203b1
https://legionautorent.kz/car/hyundai-tucson_20240914134010,Hyundai Tucson,Hyundai Tucson,"[""Аренда Hyundai Tucson""]","[""Аренда Hyundai Tucson""]",False,False,,Аренда Hyundai Tucson без водителя: 40 000 ₸ в сутки. Фотографии  скидки при длительной аренде и заявка менеджеру в Legion Auto Rent.,True,fb1e413e46599f706e692ba7d360963ac08ca071f93be3451400aede8822f40e,77d723fee5e4c6dc50b3d520b59506dba854a702f5fe08ac368242c1e3264733
https://legionautorent.kz/car/kia-cerato-gt-line,KIA CERATO GT-LINE,KIA CERATO GT-LINE,"[""Аренда KIA CERATO GT-LINE""]","[""Аренда KIA CERATO GT-LINE""]",False,False,,Аренда KIA CERATO GT-LINE без водителя: 35 000 ₸ в сутки. Фотографии  скидки при длительной аренде и заявка менеджеру в Legion Auto Rent.,True,727c8f9960f7843d7a91616fc2b55bcfcf2d934f20bc00f4d93f1397beb29fea,47203bd5f7a1937e1c0d46c66a7e30536fe821d4d1b17b77755f0d551ee81ce7
https://legionautorent.kz/car/kia-k-5_20240701073837,KIA K-5,KIA K-5,"[""Аренда KIA K-5""]","[""Аренда KIA K-5""]",False,False,,Аренда KIA K-5 без водителя: 45 000 ₸ в сутки. Фотографии  скидки при длительной аренде и заявка менеджеру в Legion Auto Rent.,True,e29173c63ddb1c60e9c2ac3e7d69862e594e5869daed9481f15680ebe49c181a,0c4a70f9f98ff91017acbbdebc18dc03918e3f40e5dada9aa2036781b0dccae4
https://legionautorent.kz/car/kia-sportage,KIA SPORTAGE,KIA SPORTAGE,"[""Аренда KIA SPORTAGE""]","[""Аренда KIA SPORTAGE""]",False,False,,Аренда KIA SPORTAGE без водителя: 40 000 ₸ в сутки. Фотографии  скидки при длительной аренде и заявка менеджеру в Legion Auto Rent.,True,a039fc4b8baee6363d40067009f4a2c85ef15635ae260e5d0c049b6805c9b35c,e1dd74e87d2a9a07c551abbc2a7f52cd8a553cf5d0059d817c939857456c955a
https://legionautorent.kz/car/lixiang-l7-pro,LIXIANG L7 PRO,LIXIANG L7 PRO,"[""Аренда LIXIANG L7 PRO""]","[""Аренда LIXIANG L7 PRO""]",False,False,,Аренда LIXIANG L7 PRO без водителя: 95 000 ₸ в сутки. Фотографии  скидки при длительной аренде и заявка менеджеру в Legion Auto Rent.,True,a82306dcaa8468c45796ae49239c714a5d8a702840fbc186c03f7507566b72b6,0cdf95d2e4852c1e2bbcf546f9841fd7342046a87f03857f147b471b8cb895e7
https://legionautorent.kz/car/mercedes-w222-s-63-amg,Mercedes W222 S-63 AMG,Mercedes W222 S-63 AMG,"[""Аренда Mercedes W222 S-63 AMG""]","[""Аренда Mercedes W222 S-63 AMG""]",False,False,,Аренда Mercedes W222 S-63 AMG без водителя: 300 000 ₸ в сутки. Фотографии  скидки при длительной аренде и заявка менеджеру в Legion Auto Rent.,True,17d4a0ae22283dcc3e887a492301a575d69fad9bb17049fdcb14686360b4bda3,c6ca96eef9e29a187cbe9328c0e66bbe8bbc1172663e18f42d1857d5a0fecf7f
https://legionautorent.kz/car/toyota-camry-xv-75,TOYOTA CAMRY XV 75,TOYOTA CAMRY XV 75,"[""Аренда TOYOTA CAMRY XV 75""]","[""Аренда TOYOTA CAMRY XV 75""]",False,False,,Аренда TOYOTA CAMRY XV 75 без водителя: 50 000 ₸ в сутки. Фотографии  скидки при длительной аренде и заявка менеджеру в Legion Auto Rent.,True,a6441b7873eccd80105b39989d9e04e8376dc0de85a0835a280b3731ab5f2aa9,f0a67fb8deddbdf59d339602141bcf15e73cb8869dfa18ec776eec373e39deb5
https://legionautorent.kz/car/toyota-camry-xv-75_20260408104311,Toyota Camry XV 75,Toyota Camry XV 75,"[""Аренда Toyota Camry XV 75""]","[""Аренда Toyota Camry XV 75""]",False,False,,Аренда Toyota Camry XV 75 без водителя: 55 000 ₸ в сутки. Фотографии  скидки при длительной аренде и заявка менеджеру в Legion Auto Rent.,True,935af831a6c831c082a9aacb1987031874028af4d8edd3ec2e82dc3a750a9505,6995c29b8c434694333430537cdcd4f8553e885315fecc06bb66e74086f1e5d4
https://legionautorent.kz/car/toyota-camry-xv-80,Toyota Camry XV 80,Toyota Camry XV 80,"[""Аренда Toyota Camry XV 80""]","[""Аренда Toyota Camry XV 80""]",False,False,,Аренда Toyota Camry XV 80 без водителя: 75 000 ₸ в сутки. Фотографии  скидки при длительной аренде и заявка менеджеру в Legion Auto Rent.,True,0c2cf3e1321fe4d7ce8d22bc56e0f02758b715d85e5be010dfcea754e4c239ff,f3f5eb6cff2416ac1e8de11359ad7d6ee0fdf34babb8846ecea7013dd9c6ecb5
https://legionautorent.kz/car/toyota-camry-xv-80_20251115074721,Toyota Camry XV 80,Toyota Camry XV 80,"[""Аренда Toyota Camry XV 80""]","[""Аренда Toyota Camry XV 80""]",False,False,,Аренда Toyota Camry XV 80 без водителя: 75 000 ₸ в сутки. Фотографии  скидки при длительной аренде и заявка менеджеру в Legion Auto Rent.,True,0c2cf3e1321fe4d7ce8d22bc56e0f02758b715d85e5be010dfcea754e4c239ff,f3f5eb6cff2416ac1e8de11359ad7d6ee0fdf34babb8846ecea7013dd9c6ecb5
https://legionautorent.kz/car/toyota-highlander,Toyota Highlander,Toyota Highlander,"[""Аренда Toyota Highlander""]","[""Аренда Toyota Highlander""]",False,False,,Аренда Toyota Highlander без водителя: 90 000 ₸ в сутки. Фотографии  скидки при длительной аренде и заявка менеджеру в Legion Auto Rent.,True,443f08947bd54d766f36d46a48cb7b6f0df97394adef4648da919e711f7e23a8,b20a95d971494f086f3d23357c72bf7d5e8b5c7e59386348ccddefb6dea2e882
https://legionautorent.kz/car/toyota-land-cruiser-200_20240926132114,Toyota Land Cruiser 200,Toyota Land Cruiser 200,"[""Аренда Toyota Land Cruiser 200""]","[""Аренда Toyota Land Cruiser 200""]",False,False,,Аренда Toyota Land Cruiser 200 без водителя: 95 000 ₸ в сутки. Фотографии  скидки при длительной аренде и заявка менеджеру в Legion Auto Rent.,True,9697ad6fba37bf88221036be0226a3620b87d7fa468dc9f4771fac2e57ea0578,f328c8977f8466f0ebd3170174cf504e9fde654f384d041eaa22ede8d0469885
https://legionautorent.kz/car/toyota-land-cruiser-200_20250604084050,Toyota Land Cruiser 200,Toyota Land Cruiser 200,"[""Аренда Toyota Land Cruiser 200""]","[""Аренда Toyota Land Cruiser 200""]",False,False,,Аренда Toyota Land Cruiser 200 без водителя: 95 000 ₸ в сутки. Фотографии  скидки при длительной аренде и заявка менеджеру в Legion Auto Rent.,True,9697ad6fba37bf88221036be0226a3620b87d7fa468dc9f4771fac2e57ea0578,f328c8977f8466f0ebd3170174cf504e9fde654f384d041eaa22ede8d0469885
https://legionautorent.kz/car/toyota-lc-200-excalibur_20250827073659,Toyota Lc 200 Excalibur,Toyota Lc 200 Excalibur,"[""Аренда Toyota Lc 200 Excalibur""]","[""Аренда Toyota Lc 200 Excalibur""]",False,False,,Аренда Toyota Lc 200 Excalibur без водителя: 120 000 ₸ в сутки. Фотографии  скидки при длительной аренде и заявка менеджеру в Legion Auto Rent.,True,6387fc5ff649eea6bd24197a8d7947df1564188d4a7ab9f350c54e7cdb7ec6ed,9cc316219ba685fb9fef47e24bb29bed8f45e037fbe540f6e507da8bf30422e6
https://legionautorent.kz/car/toyota-lc-200_20240626072039,TOYOTA LC 200,TOYOTA LC 200,"[""Аренда TOYOTA LC 200""]","[""Аренда TOYOTA LC 200""]",False,False,,Аренда TOYOTA LC 200 без водителя: 95 000 ₸ в сутки. Фотографии  скидки при длительной аренде и заявка менеджеру в Legion Auto Rent.,True,9ae6421a7e17192ff0addd3055bd8c757a05fd25ec9d7bea1d82aa927a6ee826,ce555fc2686bc52b14a21e3981c48e00b27279643fe9200fcd5e4263160af76c
https://legionautorent.kz/car/chery-tiggo-4,CHERY TIGGO 4,CHERY TIGGO 4,"[""Аренда CHERY TIGGO 4""]","[""Аренда CHERY TIGGO 4""]",False,False,,Аренда CHERY TIGGO 4 без водителя: 35 000 ₸ в сутки. Фотографии  скидки при длительной аренде и заявка менеджеру в Legion Auto Rent.,True,602a3deacfeab16715b743e6193bbc8de5c5311a89381d890f0c637140950830,5f912a805d4c2b82656360e7dd05ca7dd826b62bcbcf7b0618a277c40cb67e20
https://legionautorent.kz/car/hyundai-accent_20240611104858,Hyundai Accent,Hyundai Accent,"[""Аренда Hyundai Accent""]","[""Аренда Hyundai Accent""]",False,False,,Аренда Hyundai Accent без водителя: 20 000 ₸ в сутки. Фотографии  скидки при длительной аренде и заявка менеджеру в Legion Auto Rent.,True,7eaeb1071e672979bff002cc394f024516c30a355212bf295afcd923b69e81ed,5d02d01190b3a50e56079d9ef8e0ba1b6fe4b999fdb57dc2d85a40957229258b
https://legionautorent.kz/car/kia-ceed,KIA CEED,KIA CEED,"[""Аренда KIA CEED""]","[""Аренда KIA CEED""]",False,False,,Аренда KIA CEED без водителя: 35 000 ₸ в сутки. Фотографии  скидки при длительной аренде и заявка менеджеру в Legion Auto Rent.,True,bacad2a1a83640df2a9e6c5dfcb0a7c5df940b2abb5b8ce1e6592e2bf01d4b7a,bc723c54b27e5d569301128b753e5319167ec8baa4c397ce37da660e1366d935
https://legionautorent.kz/car/kia-seltos_20240920104836,KIA SELTOS,KIA SELTOS,"[""Аренда KIA SELTOS""]","[""Аренда KIA SELTOS""]",False,False,,Аренда KIA SELTOS без водителя: 35 000 ₸ в сутки. Фотографии  скидки при длительной аренде и заявка менеджеру в Legion Auto Rent.,True,1127d4e3700ae932d2c135d62fa1b72f04c54a46a6f6398a97af87a24a72f8a5,b6f2373e39e66c8be3898c9d53ce19192a7bb6e86eb6ba8b656fcf500cfe2876
https://legionautorent.kz/car/kia-sportage_20260729090852,Kia Sportage,Kia Sportage,"[""Аренда Kia Sportage""]","[""Аренда Kia Sportage""]",False,False,,Аренда Kia Sportage без водителя: 40 000 ₸ в сутки. Фотографии  скидки при длительной аренде и заявка менеджеру в Legion Auto Rent.,True,8a42abae70678dd3e1e32e1e74fa3a6d1f2a7d1315f0c2cd3738c417a1e1d3e8,d2928701b622cad2a00d77ca2dd59963afdc0faf5d8180ff62beba97b81ad0c3
https://legionautorent.kz/car/toyota-camry-xv70,Toyota Camry XV70,Toyota Camry XV70,"[""Аренда Toyota Camry XV70""]","[""Аренда Toyota Camry XV70""]",False,False,,Аренда Toyota Camry XV70 без водителя: 45 000 ₸ в сутки. Фотографии  скидки при длительной аренде и заявка менеджеру в Legion Auto Rent.,True,f732a695ff7461565a94665e5c5fb3c3e7ac62c188642a5d408ab60eb8a1ed2d,1e7a59edd32c0edc6bf1274a363b451e0f41a630eda1ef3d2b4e5fd86d132a20
https://legionautorent.kz/car/toyota-xv50,Toyota XV50,Toyota XV50,"[""Аренда Toyota XV50""]","[""Аренда Toyota XV50""]",False,False,,Аренда Toyota XV50 без водителя: 30 000 ₸ в сутки. Фотографии  скидки при длительной аренде и заявка менеджеру в Legion Auto Rent.,True,4bfa8a297d93f20fdc78868c0a9c06908aaf8c4d5795b34291e36c0f7c1a802d,d0d7d8b596caead86f1beb1bc755d85bd310df366ea89ead5befdbb5c6bd72a4
https://legionautorent.kz/car/changan-x5-plus_20260810090844,Changan X5 Plus,Changan X5 Plus,"[""Аренда Changan X5 Plus""]","[""Аренда Changan X5 Plus""]",False,False,,Аренда Changan X5 Plus без водителя: 30 000 ₸ в сутки. Фотографии  скидки при длительной аренде и заявка менеджеру в Legion Auto Rent.,True,582bd86c240f957a471a0d4605afc3e870e086ff124e6256ac3118272b4de49f,1b7a2bbb8d4ed8d16fbeeed43854ca2df64a19a0663ef78a0ead0080d0549237
https://legionautorent.kz/car/changan-x5-plus_20260901073633,Changan X5 Plus,Changan X5 Plus,"[""Аренда Changan X5 Plus""]","[""Аренда Changan X5 Plus""]",False,False,,Аренда Changan X5 Plus без водителя: 30 000 ₸ в сутки. Фотографии  скидки при длительной аренде и заявка менеджеру в Legion Auto Rent.,True,582bd86c240f957a471a0d4605afc3e870e086ff124e6256ac3118272b4de49f,ccb12d7780e58ca1cadf813157fbf49c5007740c5e2b0eb228bdbf389437e8b7
https://legionautorent.kz/car/chevrolet-cobalt_20241220111045,Chevrolet Cobalt,Chevrolet Cobalt,"[""Аренда Chevrolet Cobalt""]","[""Аренда Chevrolet Cobalt""]",False,False,,Аренда Chevrolet Cobalt без водителя: 20 000 ₸ в сутки. Фотографии  скидки при длительной аренде и заявка менеджеру в Legion Auto Rent.,True,3b4bef335b3e93429a2f9042d4ca1091e077ba81d364e98661f7367f0f5f6f6d,19e3185cae973f3110eec15b4e5c25cc167f53cecb825412b023434af798f4dd
https://legionautorent.kz/car/chevrolet-cobalt_20251111103617,Chevrolet Cobalt,Chevrolet Cobalt,"[""Аренда Chevrolet Cobalt""]","[""Аренда Chevrolet Cobalt""]",False,False,,Аренда Chevrolet Cobalt без водителя: 20 000 ₸ в сутки. Фотографии  скидки при длительной аренде и заявка менеджеру в Legion Auto Rent.,True,3b4bef335b3e93429a2f9042d4ca1091e077ba81d364e98661f7367f0f5f6f6d,19e3185cae973f3110eec15b4e5c25cc167f53cecb825412b023434af798f4dd
https://legionautorent.kz/car/hyundai-creta,HYUNDAI CRETA,HYUNDAI CRETA,"[""Аренда HYUNDAI CRETA""]","[""Аренда HYUNDAI CRETA""]",False,False,,Аренда HYUNDAI CRETA без водителя: 28 000 ₸ в сутки. Фотографии  скидки при длительной аренде и заявка менеджеру в Legion Auto Rent.,True,3641a970b1cebec531a57366a14c96c589cffe0f631da6f76cbb5ef26b86242b,9cf9f3ec190fddae3c3272a025480b9d5ec29ec9809611f5a5f6815a198fe400
https://legionautorent.kz/car/hyundai-tucson_20260604100103,Hyundai Tucson,Hyundai Tucson,"[""Аренда Hyundai Tucson""]","[""Аренда Hyundai Tucson""]",False,False,,Аренда Hyundai Tucson без водителя: 45 000 ₸ в сутки. Фотографии  скидки при длительной аренде и заявка менеджеру в Legion Auto Rent.,True,3f7b7e8805eb743c78f2c5766e1aa396ec3f33dc79f02977a6f73d5b09cfbfbc,89b0c21ab6bb2f2da60f7828e9b7da0cc75fe41fef3aa5ae41590ba08c2c20d9
https://legionautorent.kz/car/jac-j7,JAC J7,JAC J7,"[""Аренда JAC J7""]","[""Аренда JAC J7""]",False,False,,Аренда JAC J7 без водителя: 25 000 ₸ в сутки. Фотографии  скидки при длительной аренде и заявка менеджеру в Legion Auto Rent.,True,480a02f80127f9b97b9660b5be679c5886639d467e16409fc69c55dd2d5c3d66,b57aac4461cc56f9f295c8ff8f376e61100306baf99dc344c418601c05c3e429
https://legionautorent.kz/car/kia-soul,KIA SOUL,KIA SOUL,"[""Аренда KIA SOUL""]","[""Аренда KIA SOUL""]",False,False,,Аренда KIA SOUL без водителя: 25 000 ₸ в сутки. Фотографии  скидки при длительной аренде и заявка менеджеру в Legion Auto Rent.,True,5a9ed5d61a38bb12555d50a42ae2d9c332f1d036a82ee4dba08e524759d489b5,b145ee51f9b5d595ef3eb4b849f01ec65f26402a7da9856a52f306a8026482e7
https://legionautorent.kz/car/lexus-es-250,Lexus Es 250,Lexus Es 250,"[""Аренда Lexus Es 250""]","[""Аренда Lexus Es 250""]",False,False,,Аренда Lexus Es 250 без водителя: 45 000 ₸ в сутки. Фотографии  скидки при длительной аренде и заявка менеджеру в Legion Auto Rent.,True,6108e8cfb44cc428ba46412e97036a19d97af65a9bc900c95692a2d79385d86c,ce1b8ad1f58378d86c56d7accfd6f4dfad646efd68a4b1a3c0a3033920f012e0
https://legionautorent.kz/car/toyota-camry-xv-55_20250605065343,Toyota Camry XV 55,Toyota Camry XV 55,"[""Аренда Toyota Camry XV 55""]","[""Аренда Toyota Camry XV 55""]",False,False,,Аренда Toyota Camry XV 55 без водителя: 30 000 ₸ в сутки. Фотографии  скидки при длительной аренде и заявка менеджеру в Legion Auto Rent.,True,638e126124291c20d1ee75dd6de5b717dd53928856352bdd7aa32de5779b7530,7b005fdb814b0998f742d04290319a50a0eb94c66932c6680c2758e7b29072b3
https://legionautorent.kz/car/toyota-camry-xv-55_20260731072807,Toyota Camry XV 55,Toyota Camry XV 55,"[""Аренда Toyota Camry XV 55""]","[""Аренда Toyota Camry XV 55""]",False,False,,Аренда Toyota Camry XV 55 без водителя: 35 000 ₸ в сутки. Фотографии  скидки при длительной аренде и заявка менеджеру в Legion Auto Rent.,True,e076522a5ed001ae4a8a52cd460cc9f84005caaf721f26d92c5249781a0ce3f4,b133be0ccc4f67e197d04168ad5abaee8925a21017159c8c48962ee54195b13b
https://legionautorent.kz/car/toyota-lc-200-excalibur_20260615123651,TOYOTA LC 200 EXCALIBUR,TOYOTA LC 200 EXCALIBUR,"[""Аренда TOYOTA LC 200 EXCALIBUR""]","[""Аренда TOYOTA LC 200 EXCALIBUR""]",False,False,,Аренда TOYOTA LC 200 EXCALIBUR без водителя: 150 000 ₸ в сутки. Фотографии  скидки при длительной аренде и заявка менеджеру в Legion Auto Rent.,True,cc402b306c3a7026b00e0cb4a8ddbeb10c74d0f703803354e969cb9ca09f5741,eaaa171be2ad460f7e055cfd494fa32a98753ddf0bc850c8951ef221b4f9e108
https://legionautorent.kz/car/toyota-rav4_20241007122739,Toyota RAV4,Toyota RAV4,"[""Аренда Toyota RAV4""]","[""Аренда Toyota RAV4""]",False,False,,Аренда Toyota RAV4 без водителя: 35 000 ₸ в сутки. Фотографии  скидки при длительной аренде и заявка менеджеру в Legion Auto Rent.,True,3e0783b816c1cba802288cfe09f83be0f048c4e36b1056dedfef8ce8457924cb,18f8ad9ebe31f8d79ad43a73e5fffa56cf70c4f1d9739f51eacbd02ad07c9701
