OLD_URL,NEW_URL,OLD_STATUS,NEW_STATUS,REDIRECT,NOTES
https://legionautorent.kz/,https://legionautorent.kz/,200,200,NONE,Exact URL retained
https://legionautorent.kz/kostanay/,https://legionautorent.kz/kostanay/,200,200,NONE,Exact URL retained
https://legionautorent.kz/ustkamenogorsk/,https://legionautorent.kz/ustkamenogorsk/,200,200,NONE,Exact URL retained
https://legionautorent.kz/pavlodar/,https://legionautorent.kz/pavlodar/,200,200,NONE,Exact URL retained
https://legionautorent.kz/car/lexus-lx-570-superior,https://legionautorent.kz/car/lexus-lx-570-superior,200,200,NONE,Exact URL retained
https://legionautorent.kz/car/toyota-lc-300,https://legionautorent.kz/car/toyota-lc-300,500,404,NONE,"Legacy 500: content unavailable, restore from DB or confirm specific redirect before release"
https://legionautorent.kz/car/mercedes-s-500,https://legionautorent.kz/car/mercedes-s-500,200,200,NONE,Exact URL retained
https://legionautorent.kz/car/mercedes-w-222-s-400,https://legionautorent.kz/car/mercedes-w-222-s-400,200,200,NONE,Exact URL retained
https://legionautorent.kz/car/toyota-lc-200-luxe,https://legionautorent.kz/car/toyota-lc-200-luxe,200,200,NONE,Exact URL retained
https://legionautorent.kz/car/toyota-lc-200-excalibur,https://legionautorent.kz/car/toyota-lc-200-excalibur,200,200,NONE,Exact URL retained
https://legionautorent.kz/car/range-rover,https://legionautorent.kz/car/range-rover,200,200,NONE,Exact URL retained
https://legionautorent.kz/car/toyota-land-cruiser-200-new,https://legionautorent.kz/car/toyota-land-cruiser-200-new,200,200,NONE,Exact URL retained
https://legionautorent.kz/car/mercedes-benz-g55-amg,https://legionautorent.kz/car/mercedes-benz-g55-amg,500,404,NONE,"Legacy 500: content unavailable, restore from DB or confirm specific redirect before release"
https://legionautorent.kz/car/toyota-land-cruiser-200_20240429104403,https://legionautorent.kz/car/toyota-land-cruiser-200_20240429104403,200,200,NONE,Exact URL retained
https://legionautorent.kz/car/toyota-lc-200_20240518093415,https://legionautorent.kz/car/toyota-lc-200_20240518093415,500,404,NONE,"Legacy 500: content unavailable, restore from DB or confirm specific redirect before release"
https://legionautorent.kz/car/toyota-land-cruiser-200,https://legionautorent.kz/car/toyota-land-cruiser-200,200,200,NONE,Exact URL retained
https://legionautorent.kz/car/toyota-land-cruiser-200_20211104112631,https://legionautorent.kz/car/toyota-land-cruiser-200_20211104112631,200,200,NONE,Exact URL retained
https://legionautorent.kz/car/mercedes-g-500,https://legionautorent.kz/car/mercedes-g-500,200,200,NONE,Exact URL retained
https://legionautorent.kz/car/lexus-gs-350-f-sport,https://legionautorent.kz/car/lexus-gs-350-f-sport,200,200,NONE,Exact URL retained
https://legionautorent.kz/car/mercedes-benz-s221,https://legionautorent.kz/car/mercedes-benz-s221,200,200,NONE,Exact URL retained
https://legionautorent.kz/car/mercedes-w-221-s500,https://legionautorent.kz/car/mercedes-w-221-s500,500,404,NONE,"Legacy 500: content unavailable, restore from DB or confirm specific redirect before release"
https://legionautorent.kz/car/hyundai-sonata-n-line,https://legionautorent.kz/car/hyundai-sonata-n-line,200,200,NONE,Exact URL retained
https://legionautorent.kz/car/toyota-lc-200,https://legionautorent.kz/car/toyota-lc-200,200,200,NONE,Exact URL retained
https://legionautorent.kz/car/mercedes-w-212-e-class,https://legionautorent.kz/car/mercedes-w-212-e-class,200,200,NONE,Exact URL retained
https://legionautorent.kz/car/hyundai-sonata-style-plus,https://legionautorent.kz/car/hyundai-sonata-style-plus,500,404,NONE,"Legacy 500: content unavailable, restore from DB or confirm specific redirect before release"
https://legionautorent.kz/car/toyota-camry-xv-70-luxe-safety,https://legionautorent.kz/car/toyota-camry-xv-70-luxe-safety,200,200,NONE,Exact URL retained
https://legionautorent.kz/car/toyota-camry-xv-70-prestige-plus,https://legionautorent.kz/car/toyota-camry-xv-70-prestige-plus,200,200,NONE,Exact URL retained
https://legionautorent.kz/car/toyota-camry-xv-70-prestige-plus_20230127093610,https://legionautorent.kz/car/toyota-camry-xv-70-prestige-plus_20230127093610,200,200,NONE,Exact URL retained
https://legionautorent.kz/car/hyundai-sonata,https://legionautorent.kz/car/hyundai-sonata,200,200,NONE,Exact URL retained
https://legionautorent.kz/car/toyota-camry-70-usa-komplektacia-se,https://legionautorent.kz/car/toyota-camry-70-usa-komplektacia-se,200,200,NONE,Exact URL retained
https://legionautorent.kz/car/toyota-camry-xv-55-n5,https://legionautorent.kz/car/toyota-camry-xv-55-n5,200,200,NONE,Exact URL retained
https://legionautorent.kz/car/toyota-camry-xv-70-se,https://legionautorent.kz/car/toyota-camry-xv-70-se,500,404,NONE,"Legacy 500: content unavailable, restore from DB or confirm specific redirect before release"
https://legionautorent.kz/car/kia-k-5,https://legionautorent.kz/car/kia-k-5,200,200,NONE,Exact URL retained
https://legionautorent.kz/car/toyota-camry-xv-70,https://legionautorent.kz/car/toyota-camry-xv-70,200,200,NONE,Exact URL retained
https://legionautorent.kz/car/hyundai-sonata-2021,https://legionautorent.kz/car/hyundai-sonata-2021,500,404,NONE,"Legacy 500: content unavailable, restore from DB or confirm specific redirect before release"
https://legionautorent.kz/car/kia-spotage-2023,https://legionautorent.kz/car/kia-spotage-2023,200,200,NONE,Exact URL retained
https://legionautorent.kz/car/hyundai-tucson,https://legionautorent.kz/car/hyundai-tucson,200,200,NONE,Exact URL retained
https://legionautorent.kz/car/toyota-rav4,https://legionautorent.kz/car/toyota-rav4,500,404,NONE,"Legacy 500: content unavailable, restore from DB or confirm specific redirect before release"
https://legionautorent.kz/car/kia-cerato-komplektacia-prestige-2021-god,https://legionautorent.kz/car/kia-cerato-komplektacia-prestige-2021-god,500,404,NONE,"Legacy 500: content unavailable, restore from DB or confirm specific redirect before release"
https://legionautorent.kz/car/hyundai-tucson-2020-god,https://legionautorent.kz/car/hyundai-tucson-2020-god,500,404,NONE,"Legacy 500: content unavailable, restore from DB or confirm specific redirect before release"
https://legionautorent.kz/car/toyota-camry-xv-55-n4-navi-15-31,https://legionautorent.kz/car/toyota-camry-xv-55-n4-navi-15-31,200,200,NONE,Exact URL retained
https://legionautorent.kz/car/kia-sportage-2020-god,https://legionautorent.kz/car/kia-sportage-2020-god,200,200,NONE,Exact URL retained
https://legionautorent.kz/car/toyota-camry-xv-55_20231013120702,https://legionautorent.kz/car/toyota-camry-xv-55_20231013120702,200,200,NONE,Exact URL retained
https://legionautorent.kz/car/toyota-camry-xv-70_20231212174258,https://legionautorent.kz/car/toyota-camry-xv-70_20231212174258,500,404,NONE,"Legacy 500: content unavailable, restore from DB or confirm specific redirect before release"
https://legionautorent.kz/car/kia-seltos,https://legionautorent.kz/car/kia-seltos,200,200,NONE,Exact URL retained
https://legionautorent.kz/car/toyota-camry-55-n4-navi,https://legionautorent.kz/car/toyota-camry-55-n4-navi,500,404,NONE,"Legacy 500: content unavailable, restore from DB or confirm specific redirect before release"
https://legionautorent.kz/car/toyota-camry-xv-55,https://legionautorent.kz/car/toyota-camry-xv-55,200,200,NONE,Exact URL retained
https://legionautorent.kz/car/toyota-camry-xv-55_20230127093040,https://legionautorent.kz/car/toyota-camry-xv-55_20230127093040,200,200,NONE,Exact URL retained
https://legionautorent.kz/car/toyota-camry-xv-55_20230201112348,https://legionautorent.kz/car/toyota-camry-xv-55_20230201112348,200,200,NONE,Exact URL retained
https://legionautorent.kz/car/hyundai-kona,https://legionautorent.kz/car/hyundai-kona,500,404,NONE,"Legacy 500: content unavailable, restore from DB or confirm specific redirect before release"
https://legionautorent.kz/car/toyota-camry-xv-55_20230306085552,https://legionautorent.kz/car/toyota-camry-xv-55_20230306085552,200,200,NONE,Exact URL retained
https://legionautorent.kz/car/suzuki-crand-vitara-awd-2022,https://legionautorent.kz/car/suzuki-crand-vitara-awd-2022,500,404,NONE,"Legacy 500: content unavailable, restore from DB or confirm specific redirect before release"
https://legionautorent.kz/car/toyota-corolla,https://legionautorent.kz/car/toyota-corolla,500,404,NONE,"Legacy 500: content unavailable, restore from DB or confirm specific redirect before release"
https://legionautorent.kz/car/hyundai-tucson_20240515094333,https://legionautorent.kz/car/hyundai-tucson_20240515094333,200,200,NONE,Exact URL retained
https://legionautorent.kz/car/lexus-gs-350-awd-restajling,https://legionautorent.kz/car/lexus-gs-350-awd-restajling,200,200,NONE,Exact URL retained
https://legionautorent.kz/car/toyota-camry-xv-50,https://legionautorent.kz/car/toyota-camry-xv-50,500,404,NONE,"Legacy 500: content unavailable, restore from DB or confirm specific redirect before release"
https://legionautorent.kz/car/hyundai-elantra,https://legionautorent.kz/car/hyundai-elantra,200,200,NONE,Exact URL retained
https://legionautorent.kz/car/hyundai-elantra_20221118075736,https://legionautorent.kz/car/hyundai-elantra_20221118075736,500,404,NONE,"Legacy 500: content unavailable, restore from DB or confirm specific redirect before release"
https://legionautorent.kz/car/hyundai-elantra_20230815091736,https://legionautorent.kz/car/hyundai-elantra_20230815091736,200,200,NONE,Exact URL retained
https://legionautorent.kz/car/hyundai-solaris_20230907041113,https://legionautorent.kz/car/hyundai-solaris_20230907041113,500,404,NONE,"Legacy 500: content unavailable, restore from DB or confirm specific redirect before release"
https://legionautorent.kz/car/mitsubishi-galant,https://legionautorent.kz/car/mitsubishi-galant,500,404,NONE,"Legacy 500: content unavailable, restore from DB or confirm specific redirect before release"
https://legionautorent.kz/car/kia-rio-2020-1-6-avtomat,https://legionautorent.kz/car/kia-rio-2020-1-6-avtomat,500,404,NONE,"Legacy 500: content unavailable, restore from DB or confirm specific redirect before release"
https://legionautorent.kz/car/hyundai-accent,https://legionautorent.kz/car/hyundai-accent,200,200,NONE,Exact URL retained
https://legionautorent.kz/car/hyundai-accent_20211105101122,https://legionautorent.kz/car/hyundai-accent_20211105101122,500,404,NONE,"Legacy 500: content unavailable, restore from DB or confirm specific redirect before release"
https://legionautorent.kz/car/hyundai-accent_20211105101548,https://legionautorent.kz/car/hyundai-accent_20211105101548,500,404,NONE,"Legacy 500: content unavailable, restore from DB or confirm specific redirect before release"
https://legionautorent.kz/car/hyundai-solaris,https://legionautorent.kz/car/hyundai-solaris,500,404,NONE,"Legacy 500: content unavailable, restore from DB or confirm specific redirect before release"
https://legionautorent.kz/car/hyundai-accent-2015-god-1-6-avtomat,https://legionautorent.kz/car/hyundai-accent-2015-god-1-6-avtomat,200,200,NONE,Exact URL retained
https://legionautorent.kz/car/chevrolet-cobalt-2022-1-5-avtomat,https://legionautorent.kz/car/chevrolet-cobalt-2022-1-5-avtomat,200,200,NONE,Exact URL retained
https://legionautorent.kz/car/hyundai-solaris_20220819120531,https://legionautorent.kz/car/hyundai-solaris_20220819120531,500,404,NONE,"Legacy 500: content unavailable, restore from DB or confirm specific redirect before release"
https://legionautorent.kz/car/hyundai-accent_20220912105513,https://legionautorent.kz/car/hyundai-accent_20220912105513,500,404,NONE,"Legacy 500: content unavailable, restore from DB or confirm specific redirect before release"
https://legionautorent.kz/car/chevrolet-aveo,https://legionautorent.kz/car/chevrolet-aveo,500,404,NONE,"Legacy 500: content unavailable, restore from DB or confirm specific redirect before release"
https://legionautorent.kz/car/hyundai-accent_20231115121923,https://legionautorent.kz/car/hyundai-accent_20231115121923,200,200,NONE,Exact URL retained
https://legionautorent.kz/car/ravon-r-2-2023,https://legionautorent.kz/car/ravon-r-2-2023,500,404,NONE,"Legacy 500: content unavailable, restore from DB or confirm specific redirect before release"
https://legionautorent.kz/car/bmw-530i-x-drive,https://legionautorent.kz/car/bmw-530i-x-drive,200,200,NONE,Exact URL retained
https://legionautorent.kz/car/bmw-x6,https://legionautorent.kz/car/bmw-x6,200,200,NONE,Exact URL retained
https://legionautorent.kz/car/bmw-x6_20241001102848,https://legionautorent.kz/car/bmw-x6_20241001102848,200,200,NONE,Exact URL retained
https://legionautorent.kz/car/bmw-x6_20260622070809,https://legionautorent.kz/car/bmw-x6_20260622070809,200,200,NONE,Exact URL retained
https://legionautorent.kz/car/changan-x5-plus,https://legionautorent.kz/car/changan-x5-plus,200,200,NONE,Exact URL retained
https://legionautorent.kz/car/chevrolet-cobalt,https://legionautorent.kz/car/chevrolet-cobalt,200,200,NONE,Exact URL retained
https://legionautorent.kz/car/chevrolet-tahoe,https://legionautorent.kz/car/chevrolet-tahoe,200,200,NONE,Exact URL retained
https://legionautorent.kz/car/hyundai-accent_20241125134834,https://legionautorent.kz/car/hyundai-accent_20241125134834,200,200,NONE,Exact URL retained
https://legionautorent.kz/car/hyundai-elantra_20240819123613,https://legionautorent.kz/car/hyundai-elantra_20240819123613,200,200,NONE,Exact URL retained
https://legionautorent.kz/car/hyundai-elantra_20260403070232,https://legionautorent.kz/car/hyundai-elantra_20260403070232,200,200,NONE,Exact URL retained
https://legionautorent.kz/car/hyundai-mufasa_20260403064415,https://legionautorent.kz/car/hyundai-mufasa_20260403064415,200,200,NONE,Exact URL retained
https://legionautorent.kz/car/hyundai-santa-fe,https://legionautorent.kz/car/hyundai-santa-fe,200,200,NONE,Exact URL retained
https://legionautorent.kz/car/hyundai-santa-fe-high-tech,https://legionautorent.kz/car/hyundai-santa-fe-high-tech,200,200,NONE,Exact URL retained
https://legionautorent.kz/car/hyundai-santa-fe_20241218064857,https://legionautorent.kz/car/hyundai-santa-fe_20241218064857,200,200,NONE,Exact URL retained
https://legionautorent.kz/car/hyundai-tucson_20240914134010,https://legionautorent.kz/car/hyundai-tucson_20240914134010,200,200,NONE,Exact URL retained
https://legionautorent.kz/car/kia-cerato-gt-line,https://legionautorent.kz/car/kia-cerato-gt-line,200,200,NONE,Exact URL retained
https://legionautorent.kz/car/kia-k-5_20240701073837,https://legionautorent.kz/car/kia-k-5_20240701073837,200,200,NONE,Exact URL retained
https://legionautorent.kz/car/kia-sportage,https://legionautorent.kz/car/kia-sportage,200,200,NONE,Exact URL retained
https://legionautorent.kz/car/lixiang-l7-pro,https://legionautorent.kz/car/lixiang-l7-pro,200,200,NONE,Exact URL retained
https://legionautorent.kz/car/mercedes-w222-s-63-amg,https://legionautorent.kz/car/mercedes-w222-s-63-amg,200,200,NONE,Exact URL retained
https://legionautorent.kz/car/toyota-camry-xv-75,https://legionautorent.kz/car/toyota-camry-xv-75,200,200,NONE,Exact URL retained
https://legionautorent.kz/car/toyota-camry-xv-75_20260408104311,https://legionautorent.kz/car/toyota-camry-xv-75_20260408104311,200,200,NONE,Exact URL retained
https://legionautorent.kz/car/toyota-camry-xv-80,https://legionautorent.kz/car/toyota-camry-xv-80,200,200,NONE,Exact URL retained
https://legionautorent.kz/car/toyota-camry-xv-80_20251115074721,https://legionautorent.kz/car/toyota-camry-xv-80_20251115074721,200,200,NONE,Exact URL retained
https://legionautorent.kz/car/toyota-highlander,https://legionautorent.kz/car/toyota-highlander,200,200,NONE,Exact URL retained
https://legionautorent.kz/car/toyota-land-cruiser-200_20240926132114,https://legionautorent.kz/car/toyota-land-cruiser-200_20240926132114,200,200,NONE,Exact URL retained
https://legionautorent.kz/car/toyota-land-cruiser-200_20250604084050,https://legionautorent.kz/car/toyota-land-cruiser-200_20250604084050,200,200,NONE,Exact URL retained
https://legionautorent.kz/car/toyota-lc-200-excalibur_20250827073659,https://legionautorent.kz/car/toyota-lc-200-excalibur_20250827073659,200,200,NONE,Exact URL retained
https://legionautorent.kz/car/toyota-lc-200_20240626072039,https://legionautorent.kz/car/toyota-lc-200_20240626072039,200,200,NONE,Exact URL retained
https://legionautorent.kz/car/chery-tiggo-4,https://legionautorent.kz/car/chery-tiggo-4,200,200,NONE,Exact URL retained
https://legionautorent.kz/car/hyundai-accent_20240611104858,https://legionautorent.kz/car/hyundai-accent_20240611104858,200,200,NONE,Exact URL retained
https://legionautorent.kz/car/kia-ceed,https://legionautorent.kz/car/kia-ceed,200,200,NONE,Exact URL retained
https://legionautorent.kz/car/kia-seltos_20240920104836,https://legionautorent.kz/car/kia-seltos_20240920104836,200,200,NONE,Exact URL retained
https://legionautorent.kz/car/kia-sportage_20260729090852,https://legionautorent.kz/car/kia-sportage_20260729090852,200,200,NONE,Exact URL retained
https://legionautorent.kz/car/toyota-camry-xv70,https://legionautorent.kz/car/toyota-camry-xv70,200,200,NONE,Exact URL retained
https://legionautorent.kz/car/toyota-xv50,https://legionautorent.kz/car/toyota-xv50,200,200,NONE,Exact URL retained
https://legionautorent.kz/car/changan-x5-plus_20260810090844,https://legionautorent.kz/car/changan-x5-plus_20260810090844,200,200,NONE,Exact URL retained
https://legionautorent.kz/car/changan-x5-plus_20260901073633,https://legionautorent.kz/car/changan-x5-plus_20260901073633,200,200,NONE,Exact URL retained
https://legionautorent.kz/car/chevrolet-cobalt_20241220111045,https://legionautorent.kz/car/chevrolet-cobalt_20241220111045,200,200,NONE,Exact URL retained
https://legionautorent.kz/car/chevrolet-cobalt_20251111103617,https://legionautorent.kz/car/chevrolet-cobalt_20251111103617,200,200,NONE,Exact URL retained
https://legionautorent.kz/car/hyundai-creta,https://legionautorent.kz/car/hyundai-creta,200,200,NONE,Exact URL retained
https://legionautorent.kz/car/hyundai-tucson_20260604100103,https://legionautorent.kz/car/hyundai-tucson_20260604100103,200,200,NONE,Exact URL retained
https://legionautorent.kz/car/jac-j7,https://legionautorent.kz/car/jac-j7,200,200,NONE,Exact URL retained
https://legionautorent.kz/car/kia-soul,https://legionautorent.kz/car/kia-soul,200,200,NONE,Exact URL retained
https://legionautorent.kz/car/lexus-es-250,https://legionautorent.kz/car/lexus-es-250,200,200,NONE,Exact URL retained
https://legionautorent.kz/car/toyota-camry-xv-55_20250605065343,https://legionautorent.kz/car/toyota-camry-xv-55_20250605065343,200,200,NONE,Exact URL retained
https://legionautorent.kz/car/toyota-camry-xv-55_20260731072807,https://legionautorent.kz/car/toyota-camry-xv-55_20260731072807,200,200,NONE,Exact URL retained
https://legionautorent.kz/car/toyota-lc-200-excalibur_20260615123651,https://legionautorent.kz/car/toyota-lc-200-excalibur_20260615123651,200,200,NONE,Exact URL retained
https://legionautorent.kz/car/toyota-rav4_20241007122739,https://legionautorent.kz/car/toyota-rav4_20241007122739,200,200,NONE,Exact URL retained
