path,status,lang,kazakh_letter_count,in_sitemap,canonical,robots,redirects
/kz/,404,ru,0,False,https://legionautorent.kz/kz/,"index,follow",[]
/kz/car/bmw-530i-x-drive,404,ru,0,False,https://legionautorent.kz/kz/car/bmw-530i-x-drive,"index,follow",[]
/kz/car/bmw-x6,404,ru,0,False,https://legionautorent.kz/kz/car/bmw-x6,"index,follow",[]
/kz/car/bmw-x6_20241001102848,404,ru,0,False,https://legionautorent.kz/kz/car/bmw-x6_20241001102848,"index,follow",[]
/kz/car/bmw-x6_20260622070809,404,ru,0,False,https://legionautorent.kz/kz/car/bmw-x6_20260622070809,"index,follow",[]
/kz/car/changan-x5-plus,404,ru,0,False,https://legionautorent.kz/kz/car/changan-x5-plus,"index,follow",[]
/kz/car/changan-x5-plus_20260810090844,404,ru,0,False,https://legionautorent.kz/kz/car/changan-x5-plus_20260810090844,"index,follow",[]
/kz/car/changan-x5-plus_20260901073633,404,ru,0,False,https://legionautorent.kz/kz/car/changan-x5-plus_20260901073633,"index,follow",[]
/kz/car/chery-tiggo-4,404,ru,0,False,https://legionautorent.kz/kz/car/chery-tiggo-4,"index,follow",[]
/kz/car/chevrolet-aveo,404,ru,0,False,https://legionautorent.kz/kz/car/chevrolet-aveo,"index,follow",[]
/kz/car/chevrolet-cobalt,404,ru,0,False,https://legionautorent.kz/kz/car/chevrolet-cobalt,"index,follow",[]
/kz/car/chevrolet-cobalt-2022-1-5-avtomat,404,ru,0,False,https://legionautorent.kz/kz/car/chevrolet-cobalt-2022-1-5-avtomat,"index,follow",[]
/kz/car/chevrolet-cobalt_20241220111045,404,ru,0,False,https://legionautorent.kz/kz/car/chevrolet-cobalt_20241220111045,"index,follow",[]
/kz/car/chevrolet-cobalt_20251111103617,404,ru,0,False,https://legionautorent.kz/kz/car/chevrolet-cobalt_20251111103617,"index,follow",[]
/kz/car/chevrolet-tahoe,404,ru,0,False,https://legionautorent.kz/kz/car/chevrolet-tahoe,"index,follow",[]
/kz/car/hyundai-accent,404,ru,0,False,https://legionautorent.kz/kz/car/hyundai-accent,"index,follow",[]
/kz/car/hyundai-accent-2015-god-1-6-avtomat,404,ru,0,False,https://legionautorent.kz/kz/car/hyundai-accent-2015-god-1-6-avtomat,"index,follow",[]
/kz/car/hyundai-accent_20211105101122,404,ru,0,False,https://legionautorent.kz/kz/car/hyundai-accent_20211105101122,"index,follow",[]
/kz/car/hyundai-accent_20211105101548,404,ru,0,False,https://legionautorent.kz/kz/car/hyundai-accent_20211105101548,"index,follow",[]
/kz/car/hyundai-accent_20220912105513,404,ru,0,False,https://legionautorent.kz/kz/car/hyundai-accent_20220912105513,"index,follow",[]
/kz/car/hyundai-accent_20231115121923,404,ru,0,False,https://legionautorent.kz/kz/car/hyundai-accent_20231115121923,"index,follow",[]
/kz/car/hyundai-accent_20240611104858,404,ru,0,False,https://legionautorent.kz/kz/car/hyundai-accent_20240611104858,"index,follow",[]
/kz/car/hyundai-accent_20241125134834,404,ru,0,False,https://legionautorent.kz/kz/car/hyundai-accent_20241125134834,"index,follow",[]
/kz/car/hyundai-creta,404,ru,0,False,https://legionautorent.kz/kz/car/hyundai-creta,"index,follow",[]
/kz/car/hyundai-elantra,404,ru,0,False,https://legionautorent.kz/kz/car/hyundai-elantra,"index,follow",[]
/kz/car/hyundai-elantra_20221118075736,404,ru,0,False,https://legionautorent.kz/kz/car/hyundai-elantra_20221118075736,"index,follow",[]
/kz/car/hyundai-elantra_20230815091736,404,ru,0,False,https://legionautorent.kz/kz/car/hyundai-elantra_20230815091736,"index,follow",[]
/kz/car/hyundai-elantra_20240819123613,404,ru,0,False,https://legionautorent.kz/kz/car/hyundai-elantra_20240819123613,"index,follow",[]
/kz/car/hyundai-elantra_20260403070232,404,ru,0,False,https://legionautorent.kz/kz/car/hyundai-elantra_20260403070232,"index,follow",[]
/kz/car/hyundai-kona,404,ru,0,False,https://legionautorent.kz/kz/car/hyundai-kona,"index,follow",[]
/kz/car/hyundai-mufasa_20260403064415,404,ru,0,False,https://legionautorent.kz/kz/car/hyundai-mufasa_20260403064415,"index,follow",[]
/kz/car/hyundai-santa-fe,404,ru,0,False,https://legionautorent.kz/kz/car/hyundai-santa-fe,"index,follow",[]
/kz/car/hyundai-santa-fe-high-tech,404,ru,0,False,https://legionautorent.kz/kz/car/hyundai-santa-fe-high-tech,"index,follow",[]
/kz/car/hyundai-santa-fe_20241218064857,404,ru,0,False,https://legionautorent.kz/kz/car/hyundai-santa-fe_20241218064857,"index,follow",[]
/kz/car/hyundai-solaris,404,ru,0,False,https://legionautorent.kz/kz/car/hyundai-solaris,"index,follow",[]
/kz/car/hyundai-solaris_20220819120531,404,ru,0,False,https://legionautorent.kz/kz/car/hyundai-solaris_20220819120531,"index,follow",[]
/kz/car/hyundai-solaris_20230907041113,404,ru,0,False,https://legionautorent.kz/kz/car/hyundai-solaris_20230907041113,"index,follow",[]
/kz/car/hyundai-sonata,404,ru,0,False,https://legionautorent.kz/kz/car/hyundai-sonata,"index,follow",[]
/kz/car/hyundai-sonata-2021,404,ru,0,False,https://legionautorent.kz/kz/car/hyundai-sonata-2021,"index,follow",[]
/kz/car/hyundai-sonata-n-line,404,ru,0,False,https://legionautorent.kz/kz/car/hyundai-sonata-n-line,"index,follow",[]
/kz/car/hyundai-sonata-style-plus,404,ru,0,False,https://legionautorent.kz/kz/car/hyundai-sonata-style-plus,"index,follow",[]
/kz/car/hyundai-tucson,404,ru,0,False,https://legionautorent.kz/kz/car/hyundai-tucson,"index,follow",[]
/kz/car/hyundai-tucson-2020-god,404,ru,0,False,https://legionautorent.kz/kz/car/hyundai-tucson-2020-god,"index,follow",[]
/kz/car/hyundai-tucson_20240515094333,404,ru,0,False,https://legionautorent.kz/kz/car/hyundai-tucson_20240515094333,"index,follow",[]
/kz/car/hyundai-tucson_20240914134010,404,ru,0,False,https://legionautorent.kz/kz/car/hyundai-tucson_20240914134010,"index,follow",[]
/kz/car/hyundai-tucson_20260604100103,404,ru,0,False,https://legionautorent.kz/kz/car/hyundai-tucson_20260604100103,"index,follow",[]
/kz/car/jac-j7,404,ru,0,False,https://legionautorent.kz/kz/car/jac-j7,"index,follow",[]
/kz/car/kia-ceed,404,ru,0,False,https://legionautorent.kz/kz/car/kia-ceed,"index,follow",[]
/kz/car/kia-cerato-gt-line,404,ru,0,False,https://legionautorent.kz/kz/car/kia-cerato-gt-line,"index,follow",[]
/kz/car/kia-cerato-komplektacia-prestige-2021-god,404,ru,0,False,https://legionautorent.kz/kz/car/kia-cerato-komplektacia-prestige-2021-god,"index,follow",[]
/kz/car/kia-k-5,404,ru,0,False,https://legionautorent.kz/kz/car/kia-k-5,"index,follow",[]
/kz/car/kia-k-5_20240701073837,404,ru,0,False,https://legionautorent.kz/kz/car/kia-k-5_20240701073837,"index,follow",[]
/kz/car/kia-rio-2020-1-6-avtomat,404,ru,0,False,https://legionautorent.kz/kz/car/kia-rio-2020-1-6-avtomat,"index,follow",[]
/kz/car/kia-seltos,404,ru,0,False,https://legionautorent.kz/kz/car/kia-seltos,"index,follow",[]
/kz/car/kia-seltos_20240920104836,404,ru,0,False,https://legionautorent.kz/kz/car/kia-seltos_20240920104836,"index,follow",[]
/kz/car/kia-soul,404,ru,0,False,https://legionautorent.kz/kz/car/kia-soul,"index,follow",[]
/kz/car/kia-sportage,404,ru,0,False,https://legionautorent.kz/kz/car/kia-sportage,"index,follow",[]
/kz/car/kia-sportage-2020-god,404,ru,0,False,https://legionautorent.kz/kz/car/kia-sportage-2020-god,"index,follow",[]
/kz/car/kia-sportage_20260729090852,404,ru,0,False,https://legionautorent.kz/kz/car/kia-sportage_20260729090852,"index,follow",[]
/kz/car/kia-spotage-2023,404,ru,0,False,https://legionautorent.kz/kz/car/kia-spotage-2023,"index,follow",[]
/kz/car/lexus-es-250,404,ru,0,False,https://legionautorent.kz/kz/car/lexus-es-250,"index,follow",[]
/kz/car/lexus-gs-350-awd-restajling,404,ru,0,False,https://legionautorent.kz/kz/car/lexus-gs-350-awd-restajling,"index,follow",[]
/kz/car/lexus-gs-350-f-sport,404,ru,0,False,https://legionautorent.kz/kz/car/lexus-gs-350-f-sport,"index,follow",[]
/kz/car/lexus-lx-570-superior,404,ru,0,False,https://legionautorent.kz/kz/car/lexus-lx-570-superior,"index,follow",[]
/kz/car/lixiang-l7-pro,404,ru,0,False,https://legionautorent.kz/kz/car/lixiang-l7-pro,"index,follow",[]
/kz/car/mercedes-benz-g55-amg,404,ru,0,False,https://legionautorent.kz/kz/car/mercedes-benz-g55-amg,"index,follow",[]
/kz/car/mercedes-benz-s221,404,ru,0,False,https://legionautorent.kz/kz/car/mercedes-benz-s221,"index,follow",[]
/kz/car/mercedes-g-500,404,ru,0,False,https://legionautorent.kz/kz/car/mercedes-g-500,"index,follow",[]
/kz/car/mercedes-s-500,404,ru,0,False,https://legionautorent.kz/kz/car/mercedes-s-500,"index,follow",[]
/kz/car/mercedes-w-212-e-class,404,ru,0,False,https://legionautorent.kz/kz/car/mercedes-w-212-e-class,"index,follow",[]
/kz/car/mercedes-w-221-s500,404,ru,0,False,https://legionautorent.kz/kz/car/mercedes-w-221-s500,"index,follow",[]
/kz/car/mercedes-w-222-s-400,404,ru,0,False,https://legionautorent.kz/kz/car/mercedes-w-222-s-400,"index,follow",[]
/kz/car/mercedes-w222-s-63-amg,404,ru,0,False,https://legionautorent.kz/kz/car/mercedes-w222-s-63-amg,"index,follow",[]
/kz/car/mitsubishi-galant,404,ru,0,False,https://legionautorent.kz/kz/car/mitsubishi-galant,"index,follow",[]
/kz/car/range-rover,404,ru,0,False,https://legionautorent.kz/kz/car/range-rover,"index,follow",[]
/kz/car/ravon-r-2-2023,404,ru,0,False,https://legionautorent.kz/kz/car/ravon-r-2-2023,"index,follow",[]
/kz/car/suzuki-crand-vitara-awd-2022,404,ru,0,False,https://legionautorent.kz/kz/car/suzuki-crand-vitara-awd-2022,"index,follow",[]
/kz/car/toyota-camry-55-n4-navi,404,ru,0,False,https://legionautorent.kz/kz/car/toyota-camry-55-n4-navi,"index,follow",[]
/kz/car/toyota-camry-70-usa-komplektacia-se,404,ru,0,False,https://legionautorent.kz/kz/car/toyota-camry-70-usa-komplektacia-se,"index,follow",[]
/kz/car/toyota-camry-xv-50,404,ru,0,False,https://legionautorent.kz/kz/car/toyota-camry-xv-50,"index,follow",[]
/kz/car/toyota-camry-xv-55,404,ru,0,False,https://legionautorent.kz/kz/car/toyota-camry-xv-55,"index,follow",[]
/kz/car/toyota-camry-xv-55-n4-navi-15-31,404,ru,0,False,https://legionautorent.kz/kz/car/toyota-camry-xv-55-n4-navi-15-31,"index,follow",[]
/kz/car/toyota-camry-xv-55-n5,404,ru,0,False,https://legionautorent.kz/kz/car/toyota-camry-xv-55-n5,"index,follow",[]
/kz/car/toyota-camry-xv-55_20230127093040,404,ru,0,False,https://legionautorent.kz/kz/car/toyota-camry-xv-55_20230127093040,"index,follow",[]
/kz/car/toyota-camry-xv-55_20230201112348,404,ru,0,False,https://legionautorent.kz/kz/car/toyota-camry-xv-55_20230201112348,"index,follow",[]
/kz/car/toyota-camry-xv-55_20230306085552,404,ru,0,False,https://legionautorent.kz/kz/car/toyota-camry-xv-55_20230306085552,"index,follow",[]
/kz/car/toyota-camry-xv-55_20231013120702,404,ru,0,False,https://legionautorent.kz/kz/car/toyota-camry-xv-55_20231013120702,"index,follow",[]
/kz/car/toyota-camry-xv-55_20250605065343,404,ru,0,False,https://legionautorent.kz/kz/car/toyota-camry-xv-55_20250605065343,"index,follow",[]
/kz/car/toyota-camry-xv-55_20260731072807,404,ru,0,False,https://legionautorent.kz/kz/car/toyota-camry-xv-55_20260731072807,"index,follow",[]
/kz/car/toyota-camry-xv-70,404,ru,0,False,https://legionautorent.kz/kz/car/toyota-camry-xv-70,"index,follow",[]
/kz/car/toyota-camry-xv-70-luxe-safety,404,ru,0,False,https://legionautorent.kz/kz/car/toyota-camry-xv-70-luxe-safety,"index,follow",[]
/kz/car/toyota-camry-xv-70-prestige-plus,404,ru,0,False,https://legionautorent.kz/kz/car/toyota-camry-xv-70-prestige-plus,"index,follow",[]
/kz/car/toyota-camry-xv-70-prestige-plus_20230127093610,404,ru,0,False,https://legionautorent.kz/kz/car/toyota-camry-xv-70-prestige-plus_20230127093610,"index,follow",[]
/kz/car/toyota-camry-xv-70-se,404,ru,0,False,https://legionautorent.kz/kz/car/toyota-camry-xv-70-se,"index,follow",[]
/kz/car/toyota-camry-xv-70_20231212174258,404,ru,0,False,https://legionautorent.kz/kz/car/toyota-camry-xv-70_20231212174258,"index,follow",[]
/kz/car/toyota-camry-xv-75,404,ru,0,False,https://legionautorent.kz/kz/car/toyota-camry-xv-75,"index,follow",[]
/kz/car/toyota-camry-xv-75_20260408104311,404,ru,0,False,https://legionautorent.kz/kz/car/toyota-camry-xv-75_20260408104311,"index,follow",[]
/kz/car/toyota-camry-xv-80,404,ru,0,False,https://legionautorent.kz/kz/car/toyota-camry-xv-80,"index,follow",[]
/kz/car/toyota-camry-xv-80_20251115074721,404,ru,0,False,https://legionautorent.kz/kz/car/toyota-camry-xv-80_20251115074721,"index,follow",[]
/kz/car/toyota-camry-xv70,404,ru,0,False,https://legionautorent.kz/kz/car/toyota-camry-xv70,"index,follow",[]
/kz/car/toyota-corolla,404,ru,0,False,https://legionautorent.kz/kz/car/toyota-corolla,"index,follow",[]
/kz/car/toyota-highlander,404,ru,0,False,https://legionautorent.kz/kz/car/toyota-highlander,"index,follow",[]
/kz/car/toyota-land-cruiser-200,404,ru,0,False,https://legionautorent.kz/kz/car/toyota-land-cruiser-200,"index,follow",[]
/kz/car/toyota-land-cruiser-200-new,404,ru,0,False,https://legionautorent.kz/kz/car/toyota-land-cruiser-200-new,"index,follow",[]
/kz/car/toyota-land-cruiser-200_20211104112631,404,ru,0,False,https://legionautorent.kz/kz/car/toyota-land-cruiser-200_20211104112631,"index,follow",[]
/kz/car/toyota-land-cruiser-200_20240429104403,404,ru,0,False,https://legionautorent.kz/kz/car/toyota-land-cruiser-200_20240429104403,"index,follow",[]
/kz/car/toyota-land-cruiser-200_20240926132114,404,ru,0,False,https://legionautorent.kz/kz/car/toyota-land-cruiser-200_20240926132114,"index,follow",[]
/kz/car/toyota-land-cruiser-200_20250604084050,404,ru,0,False,https://legionautorent.kz/kz/car/toyota-land-cruiser-200_20250604084050,"index,follow",[]
/kz/car/toyota-lc-200,404,ru,0,False,https://legionautorent.kz/kz/car/toyota-lc-200,"index,follow",[]
/kz/car/toyota-lc-200-excalibur,404,ru,0,False,https://legionautorent.kz/kz/car/toyota-lc-200-excalibur,"index,follow",[]
/kz/car/toyota-lc-200-excalibur_20250827073659,404,ru,0,False,https://legionautorent.kz/kz/car/toyota-lc-200-excalibur_20250827073659,"index,follow",[]
/kz/car/toyota-lc-200-excalibur_20260615123651,404,ru,0,False,https://legionautorent.kz/kz/car/toyota-lc-200-excalibur_20260615123651,"index,follow",[]
/kz/car/toyota-lc-200-luxe,404,ru,0,False,https://legionautorent.kz/kz/car/toyota-lc-200-luxe,"index,follow",[]
/kz/car/toyota-lc-200_20240518093415,404,ru,0,False,https://legionautorent.kz/kz/car/toyota-lc-200_20240518093415,"index,follow",[]
/kz/car/toyota-lc-200_20240626072039,404,ru,0,False,https://legionautorent.kz/kz/car/toyota-lc-200_20240626072039,"index,follow",[]
/kz/car/toyota-lc-300,404,ru,0,False,https://legionautorent.kz/kz/car/toyota-lc-300,"index,follow",[]
/kz/car/toyota-rav4,404,ru,0,False,https://legionautorent.kz/kz/car/toyota-rav4,"index,follow",[]
/kz/car/toyota-rav4_20241007122739,404,ru,0,False,https://legionautorent.kz/kz/car/toyota-rav4_20241007122739,"index,follow",[]
/kz/car/toyota-xv50,404,ru,0,False,https://legionautorent.kz/kz/car/toyota-xv50,"index,follow",[]
/kz/kostanay/,404,ru,0,False,https://legionautorent.kz/kz/kostanay/,"index,follow",[]
/kz/pavlodar/,404,ru,0,False,https://legionautorent.kz/kz/pavlodar/,"index,follow",[]
/kz/ustkamenogorsk/,404,ru,0,False,https://legionautorent.kz/kz/ustkamenogorsk/,"index,follow",[]
