url,old_status,live_status,still_500,old_sitemap,live_sitemap,old_internal_links,live_internal_links,recommendation,temporary_new_status,notes
https://legionautorent.kz/car/toyota-lc-300,500,500,True,True,True,0,0,fix_from_owner_database_and_serve_200,404,No automatic redirect: distinct vehicle; recovery preferred. A specific 301 requires evidence of the same replacement vehicle.
https://legionautorent.kz/car/mercedes-benz-g55-amg,500,500,True,True,True,0,0,fix_from_owner_database_and_serve_200,404,No automatic redirect: distinct vehicle; recovery preferred. A specific 301 requires evidence of the same replacement vehicle.
https://legionautorent.kz/car/toyota-lc-200_20240518093415,500,500,True,True,True,0,0,fix_from_owner_database_and_serve_200,404,No automatic redirect: distinct vehicle; recovery preferred. A specific 301 requires evidence of the same replacement vehicle.
https://legionautorent.kz/car/mercedes-w-221-s500,500,500,True,True,True,0,0,fix_from_owner_database_and_serve_200,404,No automatic redirect: distinct vehicle; recovery preferred. A specific 301 requires evidence of the same replacement vehicle.
https://legionautorent.kz/car/hyundai-sonata-style-plus,500,500,True,True,True,0,0,fix_from_owner_database_and_serve_200,404,No automatic redirect: distinct vehicle; recovery preferred. A specific 301 requires evidence of the same replacement vehicle.
https://legionautorent.kz/car/toyota-camry-xv-70-se,500,500,True,True,True,0,0,fix_from_owner_database_and_serve_200,404,No automatic redirect: distinct vehicle; recovery preferred. A specific 301 requires evidence of the same replacement vehicle.
https://legionautorent.kz/car/hyundai-sonata-2021,500,500,True,True,True,0,0,fix_from_owner_database_and_serve_200,404,No automatic redirect: distinct vehicle; recovery preferred. A specific 301 requires evidence of the same replacement vehicle.
https://legionautorent.kz/car/toyota-rav4,500,500,True,True,True,0,0,fix_from_owner_database_and_serve_200,404,No automatic redirect: distinct vehicle; recovery preferred. A specific 301 requires evidence of the same replacement vehicle.
https://legionautorent.kz/car/kia-cerato-komplektacia-prestige-2021-god,500,500,True,True,True,0,0,fix_from_owner_database_and_serve_200,404,No automatic redirect: distinct vehicle; recovery preferred. A specific 301 requires evidence of the same replacement vehicle.
https://legionautorent.kz/car/hyundai-tucson-2020-god,500,500,True,True,True,0,0,fix_from_owner_database_and_serve_200,404,No automatic redirect: distinct vehicle; recovery preferred. A specific 301 requires evidence of the same replacement vehicle.
https://legionautorent.kz/car/toyota-camry-xv-70_20231212174258,500,500,True,True,True,0,0,fix_from_owner_database_and_serve_200,404,No automatic redirect: distinct vehicle; recovery preferred. A specific 301 requires evidence of the same replacement vehicle.
https://legionautorent.kz/car/toyota-camry-55-n4-navi,500,500,True,True,True,0,0,fix_from_owner_database_and_serve_200,404,No automatic redirect: distinct vehicle; recovery preferred. A specific 301 requires evidence of the same replacement vehicle.
https://legionautorent.kz/car/hyundai-kona,500,500,True,True,True,0,0,fix_from_owner_database_and_serve_200,404,No automatic redirect: distinct vehicle; recovery preferred. A specific 301 requires evidence of the same replacement vehicle.
https://legionautorent.kz/car/suzuki-crand-vitara-awd-2022,500,500,True,True,True,0,0,fix_from_owner_database_and_serve_200,404,No automatic redirect: distinct vehicle; recovery preferred. A specific 301 requires evidence of the same replacement vehicle.
https://legionautorent.kz/car/toyota-corolla,500,500,True,True,True,0,0,fix_from_owner_database_and_serve_200,404,No automatic redirect: distinct vehicle; recovery preferred. A specific 301 requires evidence of the same replacement vehicle.
https://legionautorent.kz/car/toyota-camry-xv-50,500,500,True,True,True,0,0,fix_from_owner_database_and_serve_200,404,No automatic redirect: distinct vehicle; recovery preferred. A specific 301 requires evidence of the same replacement vehicle.
https://legionautorent.kz/car/hyundai-elantra_20221118075736,500,500,True,True,True,0,0,fix_from_owner_database_and_serve_200,404,No automatic redirect: distinct vehicle; recovery preferred. A specific 301 requires evidence of the same replacement vehicle.
https://legionautorent.kz/car/hyundai-solaris_20230907041113,500,500,True,True,True,0,0,fix_from_owner_database_and_serve_200,404,No automatic redirect: distinct vehicle; recovery preferred. A specific 301 requires evidence of the same replacement vehicle.
https://legionautorent.kz/car/mitsubishi-galant,500,500,True,True,True,0,0,fix_from_owner_database_and_serve_200,404,No automatic redirect: distinct vehicle; recovery preferred. A specific 301 requires evidence of the same replacement vehicle.
https://legionautorent.kz/car/kia-rio-2020-1-6-avtomat,500,500,True,True,True,0,0,fix_from_owner_database_and_serve_200,404,No automatic redirect: distinct vehicle; recovery preferred. A specific 301 requires evidence of the same replacement vehicle.
https://legionautorent.kz/car/hyundai-accent_20211105101122,500,500,True,True,True,0,0,fix_from_owner_database_and_serve_200,404,No automatic redirect: distinct vehicle; recovery preferred. A specific 301 requires evidence of the same replacement vehicle.
https://legionautorent.kz/car/hyundai-accent_20211105101548,500,500,True,True,True,0,0,fix_from_owner_database_and_serve_200,404,No automatic redirect: distinct vehicle; recovery preferred. A specific 301 requires evidence of the same replacement vehicle.
https://legionautorent.kz/car/hyundai-solaris,500,500,True,True,True,0,0,fix_from_owner_database_and_serve_200,404,No automatic redirect: distinct vehicle; recovery preferred. A specific 301 requires evidence of the same replacement vehicle.
https://legionautorent.kz/car/hyundai-solaris_20220819120531,500,500,True,True,True,0,0,fix_from_owner_database_and_serve_200,404,No automatic redirect: distinct vehicle; recovery preferred. A specific 301 requires evidence of the same replacement vehicle.
https://legionautorent.kz/car/hyundai-accent_20220912105513,500,500,True,True,True,0,0,fix_from_owner_database_and_serve_200,404,No automatic redirect: distinct vehicle; recovery preferred. A specific 301 requires evidence of the same replacement vehicle.
https://legionautorent.kz/car/chevrolet-aveo,500,500,True,True,True,0,0,fix_from_owner_database_and_serve_200,404,No automatic redirect: distinct vehicle; recovery preferred. A specific 301 requires evidence of the same replacement vehicle.
https://legionautorent.kz/car/ravon-r-2-2023,500,500,True,True,True,0,0,fix_from_owner_database_and_serve_200,404,No automatic redirect: distinct vehicle; recovery preferred. A specific 301 requires evidence of the same replacement vehicle.
