url,original_status,live_status,title,description,h1,canonical,word_count,images,internal_links,live_checked_at
https://legionautorent.kz/,200,200,,,"ПРОКАТ АВТО БЕЗ ВОДИТЕЛЯ В АСТАНЕ,  ЦЕНЫ ОТ 20 000 ТГ/СУТКИ",https://legionautorent.kz/,786,205,66,2026-10-02T19:57:45.993188+00:00
https://legionautorent.kz/kostanay/,200,200,,Kostanay description,"ПРОКАТ АВТО БЕЗ ВОДИТЕЛЯ В КОСТАНАЕ,  ЦЕНЫ ОТ 20 000 ТГ/СУТКИ",https://legionautorent.kz/kostanay/,318,46,21,2026-10-02T19:57:45.993188+00:00
https://legionautorent.kz/ustkamenogorsk/,200,200,Прокат авто,,"ПРОКАТ АВТО БЕЗ ВОДИТЕЛЯ В УСТЬ-КАМЕНОГОРСКЕ, ЦЕНЫ ОТ 20 000 ТГ/СУТКИ",https://legionautorent.kz/ustkamenogorsk/,372,57,26,2026-10-02T19:57:45.993188+00:00
https://legionautorent.kz/pavlodar/,200,200,Прокат авто в Павлодаре,,"ПРОКАТ АВТО БЕЗ ВОДИТЕЛЯ В ПАВЛОДАРЕ, ЦЕНЫ ОТ 20 000 ТГ/СУТКИ",https://legionautorent.kz/pavlodar/,136,32,16,2026-10-02T19:57:45.993188+00:00
https://legionautorent.kz/car/lexus-lx-570-superior,200,200,Lexus Lx 570 Superior,,Аренда Lexus Lx 570 Superior,https://legionautorent.kz/car/lexus-lx-570-superior,40,5,7,2026-10-02T19:57:45.993188+00:00
https://legionautorent.kz/car/toyota-lc-300,500,500,Error,,,,12,0,0,2026-10-02T19:57:45.993188+00:00
https://legionautorent.kz/car/mercedes-s-500,200,200,MERCEDES W 222 S-500,,Аренда MERCEDES W 222 S-500,https://legionautorent.kz/car/mercedes-s-500,40,5,7,2026-10-02T19:57:45.993188+00:00
https://legionautorent.kz/car/mercedes-w-222-s-400,200,200,Mercedes W 222 S 400,,Аренда Mercedes W 222 S 400,https://legionautorent.kz/car/mercedes-w-222-s-400,42,4,7,2026-10-02T19:57:45.993188+00:00
https://legionautorent.kz/car/toyota-lc-200-luxe,200,200,Toyota LC 200 Luxe,,Аренда Toyota LC 200 Luxe,https://legionautorent.kz/car/toyota-lc-200-luxe,40,4,7,2026-10-02T19:57:45.993188+00:00
https://legionautorent.kz/car/toyota-lc-200-excalibur,200,200,TOYOTA LC 200 EXCALIBUR,,Аренда TOYOTA LC 200 EXCALIBUR,https://legionautorent.kz/car/toyota-lc-200-excalibur,40,4,7,2026-10-02T19:57:45.993188+00:00
https://legionautorent.kz/car/range-rover,200,200,RANGE ROVER,,Аренда RANGE ROVER,https://legionautorent.kz/car/range-rover,36,4,7,2026-10-02T19:57:45.993188+00:00
https://legionautorent.kz/car/toyota-land-cruiser-200-new,200,200,Toyota Land Cruiser 200,,Аренда Toyota Land Cruiser 200,https://legionautorent.kz/car/toyota-land-cruiser-200-new,40,5,7,2026-10-02T19:57:45.993188+00:00
https://legionautorent.kz/car/mercedes-benz-g55-amg,500,500,Error,,,,12,0,0,2026-10-02T19:57:45.993188+00:00
https://legionautorent.kz/car/toyota-land-cruiser-200_20240429104403,200,200,Toyota Land Cruiser 200,,Аренда Toyota Land Cruiser 200,https://legionautorent.kz/car/toyota-land-cruiser-200_20240429104403,40,4,7,2026-10-02T19:57:45.993188+00:00
https://legionautorent.kz/car/toyota-lc-200_20240518093415,500,500,Error,,,,12,0,0,2026-10-02T19:57:45.993188+00:00
https://legionautorent.kz/car/toyota-land-cruiser-200,200,200,TOYOTA LAND CRUISER 200,,Аренда TOYOTA LAND CRUISER 200,https://legionautorent.kz/car/toyota-land-cruiser-200,40,4,7,2026-10-02T19:57:45.993188+00:00
https://legionautorent.kz/car/toyota-land-cruiser-200_20211104112631,200,200,TOYOTA LAND CRUISER 200,,Аренда TOYOTA LAND CRUISER 200,https://legionautorent.kz/car/toyota-land-cruiser-200_20211104112631,40,4,7,2026-10-02T19:57:45.993188+00:00
https://legionautorent.kz/car/mercedes-g-500,200,200,Mercedes G 500,,Аренда Mercedes G 500,https://legionautorent.kz/car/mercedes-g-500,38,6,7,2026-10-02T19:57:45.993188+00:00
https://legionautorent.kz/car/lexus-gs-350-f-sport,200,200,Lexus GS 350 F SPORT,,Аренда Lexus GS 350 F SPORT,https://legionautorent.kz/car/lexus-gs-350-f-sport,42,5,7,2026-10-02T19:57:45.993188+00:00
https://legionautorent.kz/car/mercedes-benz-s221,200,200,Mercedes W221 S-550,,Аренда Mercedes W221 S-550,https://legionautorent.kz/car/mercedes-benz-s221,38,4,7,2026-10-02T19:57:45.993188+00:00
https://legionautorent.kz/car/mercedes-w-221-s500,500,500,Error,,,,12,0,0,2026-10-02T19:57:45.993188+00:00
https://legionautorent.kz/car/hyundai-sonata-n-line,200,200,HYUNDAI SONATA N-LINE,,Аренда HYUNDAI SONATA N-LINE,https://legionautorent.kz/car/hyundai-sonata-n-line,38,4,7,2026-10-02T19:57:45.993188+00:00
https://legionautorent.kz/car/toyota-lc-200,200,200,Toyota LC 200,,Аренда Toyota LC 200,https://legionautorent.kz/car/toyota-lc-200,38,4,7,2026-10-02T19:57:45.993188+00:00
https://legionautorent.kz/car/mercedes-w-212-e-class,200,200,Mercedes W 212 E class,,Аренда Mercedes W 212 E class,https://legionautorent.kz/car/mercedes-w-212-e-class,42,4,7,2026-10-02T19:57:45.993188+00:00
https://legionautorent.kz/car/hyundai-sonata-style-plus,500,500,Error,,,,12,0,0,2026-10-02T19:57:45.993188+00:00
https://legionautorent.kz/car/toyota-camry-xv-70-luxe-safety,200,200,Toyota Camry XV 70 Luxe Safety,,Аренда Toyota Camry XV 70 Luxe Safety,https://legionautorent.kz/car/toyota-camry-xv-70-luxe-safety,44,4,7,2026-10-02T19:57:45.993188+00:00
https://legionautorent.kz/car/toyota-camry-xv-70-prestige-plus,200,200,Toyota Camry XV 70  Prestige Plus,,Аренда Toyota Camry XV 70  Prestige Plus,https://legionautorent.kz/car/toyota-camry-xv-70-prestige-plus,44,4,7,2026-10-02T19:57:45.993188+00:00
https://legionautorent.kz/car/toyota-camry-xv-70-prestige-plus_20230127093610,200,200,Toyota Camry XV 70  Prestige plus,,Аренда Toyota Camry XV 70  Prestige plus,https://legionautorent.kz/car/toyota-camry-xv-70-prestige-plus_20230127093610,44,4,7,2026-10-02T19:57:45.993188+00:00
https://legionautorent.kz/car/hyundai-sonata,200,200,Hyundai Sonata,,Аренда Hyundai Sonata,https://legionautorent.kz/car/hyundai-sonata,36,5,7,2026-10-02T19:57:45.993188+00:00
https://legionautorent.kz/car/toyota-camry-70-usa-komplektacia-se,200,200,"Toyota Camry 70 USA, комплектация SE",,"Аренда Toyota Camry 70 USA, комплектация SE",https://legionautorent.kz/car/toyota-camry-70-usa-komplektacia-se,44,4,7,2026-10-02T19:57:45.993188+00:00
https://legionautorent.kz/car/toyota-camry-xv-55-n5,200,200,Toyota Camry XV 55 N5,,Аренда Toyota Camry XV 55 N5,https://legionautorent.kz/car/toyota-camry-xv-55-n5,42,4,7,2026-10-02T19:57:45.993188+00:00
https://legionautorent.kz/car/toyota-camry-xv-70-se,500,500,Error,,,,12,0,0,2026-10-02T19:57:45.993188+00:00
https://legionautorent.kz/car/kia-k-5,200,200,KIA K-5,,Аренда KIA K-5,https://legionautorent.kz/car/kia-k-5,36,5,7,2026-10-02T19:57:45.993188+00:00
https://legionautorent.kz/car/toyota-camry-xv-70,200,200,Toyota Camry XV 70,,Аренда Toyota Camry XV 70,https://legionautorent.kz/car/toyota-camry-xv-70,40,4,7,2026-10-02T19:57:45.993188+00:00
https://legionautorent.kz/car/hyundai-sonata-2021,500,500,Error,,,,12,0,0,2026-10-02T19:57:45.993188+00:00
https://legionautorent.kz/car/kia-spotage-2023,200,200,KIA SPOTAGE 2023,,Аренда KIA SPOTAGE 2023,https://legionautorent.kz/car/kia-spotage-2023,38,5,7,2026-10-02T19:57:45.993188+00:00
https://legionautorent.kz/car/hyundai-tucson,200,200,Hyundai Tucson,,Аренда Hyundai Tucson,https://legionautorent.kz/car/hyundai-tucson,36,5,7,2026-10-02T19:57:45.993188+00:00
https://legionautorent.kz/car/toyota-rav4,500,500,Error,,,,12,0,0,2026-10-02T19:57:45.993188+00:00
https://legionautorent.kz/car/kia-cerato-komplektacia-prestige-2021-god,500,500,Error,,,,12,0,0,2026-10-02T19:57:45.993188+00:00
https://legionautorent.kz/car/hyundai-tucson-2020-god,500,500,Error,,,,12,0,0,2026-10-02T19:57:45.993188+00:00
https://legionautorent.kz/car/toyota-camry-xv-55-n4-navi-15-31,200,200,Toyota Camry XV 55 N4 Navi,,Аренда Toyota Camry XV 55 N4 Navi,https://legionautorent.kz/car/toyota-camry-xv-55-n4-navi-15-31,44,4,7,2026-10-02T19:57:45.993188+00:00
https://legionautorent.kz/car/kia-sportage-2020-god,200,200,KIA SPORTAGE 2020 год,,Аренда KIA SPORTAGE 2020 год,https://legionautorent.kz/car/kia-sportage-2020-god,40,4,7,2026-10-02T19:57:45.993188+00:00
https://legionautorent.kz/car/toyota-camry-xv-55_20231013120702,200,200,Toyota Camry XV 55,,Аренда Toyota Camry XV 55,https://legionautorent.kz/car/toyota-camry-xv-55_20231013120702,40,4,7,2026-10-02T19:57:45.993188+00:00
https://legionautorent.kz/car/toyota-camry-xv-70_20231212174258,500,500,Error,,,,12,0,0,2026-10-02T19:57:45.993188+00:00
https://legionautorent.kz/car/kia-seltos,200,200,KIA SELTOS,,Аренда KIA SELTOS,https://legionautorent.kz/car/kia-seltos,36,4,7,2026-10-02T19:57:45.993188+00:00
https://legionautorent.kz/car/toyota-camry-55-n4-navi,500,500,Error,,,,12,0,0,2026-10-02T19:57:45.993188+00:00
https://legionautorent.kz/car/toyota-camry-xv-55,200,200,Toyota Camry XV 55,,Аренда Toyota Camry XV 55,https://legionautorent.kz/car/toyota-camry-xv-55,40,4,7,2026-10-02T19:57:45.993188+00:00
https://legionautorent.kz/car/toyota-camry-xv-55_20230127093040,200,200,Toyota Camry XV 55,,Аренда Toyota Camry XV 55,https://legionautorent.kz/car/toyota-camry-xv-55_20230127093040,40,4,7,2026-10-02T19:57:45.993188+00:00
https://legionautorent.kz/car/toyota-camry-xv-55_20230201112348,200,200,TOYOTA CAMRY XV 55,,Аренда TOYOTA CAMRY XV 55,https://legionautorent.kz/car/toyota-camry-xv-55_20230201112348,40,4,7,2026-10-02T19:57:45.993188+00:00
https://legionautorent.kz/car/hyundai-kona,500,500,Error,,,,12,0,0,2026-10-02T19:57:45.993188+00:00
https://legionautorent.kz/car/toyota-camry-xv-55_20230306085552,200,200,TOYOTA CAMRY XV 55,,Аренда TOYOTA CAMRY XV 55,https://legionautorent.kz/car/toyota-camry-xv-55_20230306085552,40,4,7,2026-10-02T19:57:45.993188+00:00
https://legionautorent.kz/car/suzuki-crand-vitara-awd-2022,500,500,Error,,,,12,0,0,2026-10-02T19:57:45.993188+00:00
https://legionautorent.kz/car/toyota-corolla,500,500,Error,,,,12,0,0,2026-10-02T19:57:45.993188+00:00
https://legionautorent.kz/car/hyundai-tucson_20240515094333,200,200,HYUNDAI TUCSON,,Аренда HYUNDAI TUCSON,https://legionautorent.kz/car/hyundai-tucson_20240515094333,36,2,7,2026-10-02T19:57:45.993188+00:00
https://legionautorent.kz/car/lexus-gs-350-awd-restajling,200,200,Lexus GS 350 AWD Рестайлинг,,Аренда Lexus GS 350 AWD Рестайлинг,https://legionautorent.kz/car/lexus-gs-350-awd-restajling,42,4,7,2026-10-02T19:57:45.993188+00:00
https://legionautorent.kz/car/toyota-camry-xv-50,500,500,Error,,,,12,0,0,2026-10-02T19:57:45.993188+00:00
https://legionautorent.kz/car/hyundai-elantra,200,200,HYUNDAI ELANTRA,,Аренда HYUNDAI ELANTRA,https://legionautorent.kz/car/hyundai-elantra,36,4,7,2026-10-02T19:57:45.993188+00:00
https://legionautorent.kz/car/hyundai-elantra_20221118075736,500,500,Error,,,,12,0,0,2026-10-02T19:57:45.993188+00:00
https://legionautorent.kz/car/hyundai-elantra_20230815091736,200,200,HYUNDAI ELANTRA,,Аренда HYUNDAI ELANTRA,https://legionautorent.kz/car/hyundai-elantra_20230815091736,36,4,7,2026-10-02T19:57:45.993188+00:00
https://legionautorent.kz/car/hyundai-solaris_20230907041113,500,500,Error,,,,12,0,0,2026-10-02T19:57:45.993188+00:00
https://legionautorent.kz/car/mitsubishi-galant,500,500,Error,,,,12,0,0,2026-10-02T19:57:45.993188+00:00
https://legionautorent.kz/car/kia-rio-2020-1-6-avtomat,500,500,Error,,,,12,0,0,2026-10-02T19:57:45.993188+00:00
https://legionautorent.kz/car/hyundai-accent,200,200,Hyundai Accent,,Аренда Hyundai Accent,https://legionautorent.kz/car/hyundai-accent,36,4,7,2026-10-02T19:57:45.993188+00:00
https://legionautorent.kz/car/hyundai-accent_20211105101122,500,500,Error,,,,12,0,0,2026-10-02T19:57:45.993188+00:00
https://legionautorent.kz/car/hyundai-accent_20211105101548,500,500,Error,,,,12,0,0,2026-10-02T19:57:45.993188+00:00
https://legionautorent.kz/car/hyundai-solaris,500,500,Error,,,,12,0,0,2026-10-02T19:57:45.993188+00:00
https://legionautorent.kz/car/hyundai-accent-2015-god-1-6-avtomat,200,200,Hyundai Accent,,Аренда Hyundai Accent,https://legionautorent.kz/car/hyundai-accent-2015-god-1-6-avtomat,36,4,7,2026-10-02T19:57:45.993188+00:00
https://legionautorent.kz/car/chevrolet-cobalt-2022-1-5-avtomat,200,200,Chevrolet Cobalt,,Аренда Chevrolet Cobalt,https://legionautorent.kz/car/chevrolet-cobalt-2022-1-5-avtomat,36,6,7,2026-10-02T19:57:45.993188+00:00
https://legionautorent.kz/car/hyundai-solaris_20220819120531,500,500,Error,,,,12,0,0,2026-10-02T19:57:45.993188+00:00
https://legionautorent.kz/car/hyundai-accent_20220912105513,500,500,Error,,,,12,0,0,2026-10-02T19:57:45.993188+00:00
https://legionautorent.kz/car/chevrolet-aveo,500,500,Error,,,,12,0,0,2026-10-02T19:57:45.993188+00:00
https://legionautorent.kz/car/hyundai-accent_20231115121923,200,200,Hyundai Accent,,Аренда Hyundai Accent,https://legionautorent.kz/car/hyundai-accent_20231115121923,36,4,7,2026-10-02T19:57:45.993188+00:00
https://legionautorent.kz/car/ravon-r-2-2023,500,500,Error,,,,12,0,0,2026-10-02T19:57:45.993188+00:00
https://legionautorent.kz/car/bmw-530i-x-drive,200,200,BMW 530i X-DRIVE,,Аренда BMW 530i X-DRIVE,https://legionautorent.kz/car/bmw-530i-x-drive,38,5,7,2026-10-02T19:57:45.993188+00:00
https://legionautorent.kz/car/bmw-x6,200,200,BMW X6,,Аренда BMW X6,https://legionautorent.kz/car/bmw-x6,36,5,7,2026-10-02T19:57:45.993188+00:00
https://legionautorent.kz/car/bmw-x6_20241001102848,200,200,BMW X6,,Аренда BMW X6,https://legionautorent.kz/car/bmw-x6_20241001102848,36,4,7,2026-10-02T19:57:45.993188+00:00
https://legionautorent.kz/car/bmw-x6_20260622070809,200,200,Bmw X6,,Аренда Bmw X6,https://legionautorent.kz/car/bmw-x6_20260622070809,36,5,7,2026-10-02T19:57:45.993188+00:00
https://legionautorent.kz/car/changan-x5-plus,200,200,Changan X5 Plus,,Аренда Changan X5 Plus,https://legionautorent.kz/car/changan-x5-plus,38,4,7,2026-10-02T19:57:45.993188+00:00
https://legionautorent.kz/car/chevrolet-cobalt,200,200,Chevrolet Cobalt,,Аренда Chevrolet Cobalt,https://legionautorent.kz/car/chevrolet-cobalt,36,4,7,2026-10-02T19:57:45.993188+00:00
https://legionautorent.kz/car/chevrolet-tahoe,200,200,CHEVROLET TAHOE,,Аренда CHEVROLET TAHOE,https://legionautorent.kz/car/chevrolet-tahoe,36,7,7,2026-10-02T19:57:45.993188+00:00
https://legionautorent.kz/car/hyundai-accent_20241125134834,200,200,Hyundai Accent,,Аренда Hyundai Accent,https://legionautorent.kz/car/hyundai-accent_20241125134834,36,4,7,2026-10-02T19:57:45.993188+00:00
https://legionautorent.kz/car/hyundai-elantra_20240819123613,200,200,HYUNDAI ELANTRA,,Аренда HYUNDAI ELANTRA,https://legionautorent.kz/car/hyundai-elantra_20240819123613,36,4,7,2026-10-02T19:57:45.993188+00:00
https://legionautorent.kz/car/hyundai-elantra_20260403070232,200,200,Hyundai Elantra,,Аренда Hyundai Elantra,https://legionautorent.kz/car/hyundai-elantra_20260403070232,36,5,7,2026-10-02T19:57:45.993188+00:00
https://legionautorent.kz/car/hyundai-mufasa_20260403064415,200,200,Hyundai Mufasa,Hyundai Mufasa,Аренда Hyundai Mufasa,https://legionautorent.kz/car/hyundai-mufasa_20260403064415,36,5,7,2026-10-02T19:57:45.993188+00:00
https://legionautorent.kz/car/hyundai-santa-fe,200,200,Hyundai Santa Fe,,Аренда Hyundai Santa Fe,https://legionautorent.kz/car/hyundai-santa-fe,38,4,7,2026-10-02T19:57:45.993188+00:00
https://legionautorent.kz/car/hyundai-santa-fe-high-tech,200,200,Hyundai Santa Fe High Tech,,Аренда Hyundai Santa Fe High Tech,https://legionautorent.kz/car/hyundai-santa-fe-high-tech,42,4,7,2026-10-02T19:57:45.993188+00:00
https://legionautorent.kz/car/hyundai-santa-fe_20241218064857,200,200,Hyundai Santa Fe,,Аренда Hyundai Santa Fe,https://legionautorent.kz/car/hyundai-santa-fe_20241218064857,38,6,7,2026-10-02T19:57:45.993188+00:00
https://legionautorent.kz/car/hyundai-tucson_20240914134010,200,200,Hyundai Tucson,,Аренда Hyundai Tucson,https://legionautorent.kz/car/hyundai-tucson_20240914134010,36,4,7,2026-10-02T19:57:45.993188+00:00
https://legionautorent.kz/car/kia-cerato-gt-line,200,200,KIA CERATO GT-LINE,,Аренда KIA CERATO GT-LINE,https://legionautorent.kz/car/kia-cerato-gt-line,38,5,7,2026-10-02T19:57:45.993188+00:00
https://legionautorent.kz/car/kia-k-5_20240701073837,200,200,KIA K-5,,Аренда KIA K-5,https://legionautorent.kz/car/kia-k-5_20240701073837,36,4,7,2026-10-02T19:57:45.993188+00:00
https://legionautorent.kz/car/kia-sportage,200,200,KIA SPORTAGE,,Аренда KIA SPORTAGE,https://legionautorent.kz/car/kia-sportage,36,5,7,2026-10-02T19:57:45.993188+00:00
https://legionautorent.kz/car/lixiang-l7-pro,200,200,LIXIANG L7 PRO,,Аренда LIXIANG L7 PRO,https://legionautorent.kz/car/lixiang-l7-pro,38,4,7,2026-10-02T19:57:45.993188+00:00
https://legionautorent.kz/car/mercedes-w222-s-63-amg,200,200,Mercedes W222 S-63 AMG,,Аренда Mercedes W222 S-63 AMG,https://legionautorent.kz/car/mercedes-w222-s-63-amg,40,4,7,2026-10-02T19:57:45.993188+00:00
https://legionautorent.kz/car/toyota-camry-xv-75,200,200,TOYOTA CAMRY XV 75,,Аренда TOYOTA CAMRY XV 75,https://legionautorent.kz/car/toyota-camry-xv-75,40,4,7,2026-10-02T19:57:45.993188+00:00
https://legionautorent.kz/car/toyota-camry-xv-75_20260408104311,200,200,Toyota Camry XV 75,,Аренда Toyota Camry XV 75,https://legionautorent.kz/car/toyota-camry-xv-75_20260408104311,40,5,7,2026-10-02T19:57:45.993188+00:00
https://legionautorent.kz/car/toyota-camry-xv-80,200,200,Toyota Camry XV 80,,Аренда Toyota Camry XV 80,https://legionautorent.kz/car/toyota-camry-xv-80,40,5,7,2026-10-02T19:57:45.993188+00:00
https://legionautorent.kz/car/toyota-camry-xv-80_20251115074721,200,200,Toyota Camry XV 80,,Аренда Toyota Camry XV 80,https://legionautorent.kz/car/toyota-camry-xv-80_20251115074721,40,4,7,2026-10-02T19:57:45.993188+00:00
https://legionautorent.kz/car/toyota-highlander,200,200,Toyota Highlander,,Аренда Toyota Highlander,https://legionautorent.kz/car/toyota-highlander,36,4,7,2026-10-02T19:57:45.993188+00:00
https://legionautorent.kz/car/toyota-land-cruiser-200_20240926132114,200,200,Toyota Land Cruiser 200,,Аренда Toyota Land Cruiser 200,https://legionautorent.kz/car/toyota-land-cruiser-200_20240926132114,40,4,7,2026-10-02T19:57:45.993188+00:00
https://legionautorent.kz/car/toyota-land-cruiser-200_20250604084050,200,200,Toyota Land Cruiser 200,,Аренда Toyota Land Cruiser 200,https://legionautorent.kz/car/toyota-land-cruiser-200_20250604084050,40,4,7,2026-10-02T19:57:45.993188+00:00
https://legionautorent.kz/car/toyota-lc-200-excalibur_20250827073659,200,200,Toyota Lc 200 Excalibur,,Аренда Toyota Lc 200 Excalibur,https://legionautorent.kz/car/toyota-lc-200-excalibur_20250827073659,40,5,7,2026-10-02T19:57:45.993188+00:00
https://legionautorent.kz/car/toyota-lc-200_20240626072039,200,200,TOYOTA LC 200,,Аренда TOYOTA LC 200,https://legionautorent.kz/car/toyota-lc-200_20240626072039,38,4,7,2026-10-02T19:57:45.993188+00:00
https://legionautorent.kz/car/chery-tiggo-4,200,200,CHERY TIGGO 4,,Аренда CHERY TIGGO 4,https://legionautorent.kz/car/chery-tiggo-4,38,5,7,2026-10-02T19:57:45.993188+00:00
https://legionautorent.kz/car/hyundai-accent_20240611104858,200,200,Hyundai Accent,,Аренда Hyundai Accent,https://legionautorent.kz/car/hyundai-accent_20240611104858,36,4,7,2026-10-02T19:57:45.993188+00:00
https://legionautorent.kz/car/kia-ceed,200,200,KIA CEED,,Аренда KIA CEED,https://legionautorent.kz/car/kia-ceed,36,4,7,2026-10-02T19:57:45.993188+00:00
https://legionautorent.kz/car/kia-seltos_20240920104836,200,200,KIA SELTOS,,Аренда KIA SELTOS,https://legionautorent.kz/car/kia-seltos_20240920104836,36,5,7,2026-10-02T19:57:45.993188+00:00
https://legionautorent.kz/car/kia-sportage_20260729090852,200,200,Kia Sportage,,Аренда Kia Sportage,https://legionautorent.kz/car/kia-sportage_20260729090852,36,5,7,2026-10-02T19:57:45.993188+00:00
https://legionautorent.kz/car/toyota-camry-xv70,200,200,Toyota Camry XV70,,Аренда Toyota Camry XV70,https://legionautorent.kz/car/toyota-camry-xv70,38,4,7,2026-10-02T19:57:45.993188+00:00
https://legionautorent.kz/car/toyota-xv50,200,200,Toyota XV50,,Аренда Toyota XV50,https://legionautorent.kz/car/toyota-xv50,36,4,7,2026-10-02T19:57:45.993188+00:00
https://legionautorent.kz/car/changan-x5-plus_20260810090844,200,200,Changan X5 Plus,,Аренда Changan X5 Plus,https://legionautorent.kz/car/changan-x5-plus_20260810090844,38,5,7,2026-10-02T19:57:45.993188+00:00
https://legionautorent.kz/car/changan-x5-plus_20260901073633,200,200,Changan X5 Plus,,Аренда Changan X5 Plus,https://legionautorent.kz/car/changan-x5-plus_20260901073633,38,4,7,2026-10-02T19:57:45.993188+00:00
https://legionautorent.kz/car/chevrolet-cobalt_20241220111045,200,200,Chevrolet Cobalt,,Аренда Chevrolet Cobalt,https://legionautorent.kz/car/chevrolet-cobalt_20241220111045,36,4,7,2026-10-02T19:57:45.993188+00:00
https://legionautorent.kz/car/chevrolet-cobalt_20251111103617,200,200,Chevrolet Cobalt,,Аренда Chevrolet Cobalt,https://legionautorent.kz/car/chevrolet-cobalt_20251111103617,36,4,7,2026-10-02T19:57:45.993188+00:00
https://legionautorent.kz/car/hyundai-creta,200,200,HYUNDAI CRETA,,Аренда HYUNDAI CRETA,https://legionautorent.kz/car/hyundai-creta,36,4,7,2026-10-02T19:57:45.993188+00:00
https://legionautorent.kz/car/hyundai-tucson_20260604100103,200,200,Hyundai Tucson,,Аренда Hyundai Tucson,https://legionautorent.kz/car/hyundai-tucson_20260604100103,36,4,7,2026-10-02T19:57:45.993188+00:00
https://legionautorent.kz/car/jac-j7,200,200,JAC J7,,Аренда JAC J7,https://legionautorent.kz/car/jac-j7,36,4,7,2026-10-02T19:57:45.993188+00:00
https://legionautorent.kz/car/kia-soul,200,200,KIA SOUL,,Аренда KIA SOUL,https://legionautorent.kz/car/kia-soul,36,4,7,2026-10-02T19:57:45.993188+00:00
https://legionautorent.kz/car/lexus-es-250,200,200,Lexus Es 250,,Аренда Lexus Es 250,https://legionautorent.kz/car/lexus-es-250,38,4,7,2026-10-02T19:57:45.993188+00:00
https://legionautorent.kz/car/toyota-camry-xv-55_20250605065343,200,200,Toyota Camry XV 55,,Аренда Toyota Camry XV 55,https://legionautorent.kz/car/toyota-camry-xv-55_20250605065343,40,4,7,2026-10-02T19:57:45.993188+00:00
https://legionautorent.kz/car/toyota-camry-xv-55_20260731072807,200,200,Toyota Camry XV 55,,Аренда Toyota Camry XV 55,https://legionautorent.kz/car/toyota-camry-xv-55_20260731072807,40,4,7,2026-10-02T19:57:45.993188+00:00
https://legionautorent.kz/car/toyota-lc-200-excalibur_20260615123651,200,200,TOYOTA LC 200 EXCALIBUR,,Аренда TOYOTA LC 200 EXCALIBUR,https://legionautorent.kz/car/toyota-lc-200-excalibur_20260615123651,40,4,7,2026-10-02T19:57:45.993188+00:00
https://legionautorent.kz/car/toyota-rav4_20241007122739,200,200,Toyota RAV4,,Аренда Toyota RAV4,https://legionautorent.kz/car/toyota-rav4_20241007122739,36,4,7,2026-10-02T19:57:45.993188+00:00
