path,db_price,live_price,price_changed,db_public,live_public,availability_changed,availability_note
/car/lexus-lx-570-superior,180000,180000,False,True,True,False,Public page/listing only; no realtime availability calendar exposed.
/car/mercedes-s-500,140000,140000,False,True,True,False,Public page/listing only; no realtime availability calendar exposed.
/car/mercedes-w-222-s-400,120000,120000,False,True,True,False,Public page/listing only; no realtime availability calendar exposed.
/car/toyota-lc-200-luxe,95000,95000,False,True,True,False,Public page/listing only; no realtime availability calendar exposed.
/car/toyota-lc-200-excalibur,120000,120000,False,True,True,False,Public page/listing only; no realtime availability calendar exposed.
/car/range-rover,100000,100000,False,True,True,False,Public page/listing only; no realtime availability calendar exposed.
/car/toyota-land-cruiser-200-new,80000,80000,False,True,True,False,Public page/listing only; no realtime availability calendar exposed.
/car/toyota-land-cruiser-200_20240429104403,80000,80000,False,True,True,False,Public page/listing only; no realtime availability calendar exposed.
/car/toyota-land-cruiser-200,100000,100000,False,True,True,False,Public page/listing only; no realtime availability calendar exposed.
/car/toyota-land-cruiser-200_20211104112631,100000,100000,False,True,True,False,Public page/listing only; no realtime availability calendar exposed.
/car/mercedes-g-500,70000,70000,False,True,True,False,Public page/listing only; no realtime availability calendar exposed.
/car/lexus-gs-350-f-sport,55000,55000,False,True,True,False,Public page/listing only; no realtime availability calendar exposed.
/car/mercedes-benz-s221,55000,55000,False,True,True,False,Public page/listing only; no realtime availability calendar exposed.
/car/hyundai-sonata-n-line,55000,55000,False,True,True,False,Public page/listing only; no realtime availability calendar exposed.
/car/toyota-lc-200,50000,50000,False,True,True,False,Public page/listing only; no realtime availability calendar exposed.
/car/mercedes-w-212-e-class,50000,50000,False,True,True,False,Public page/listing only; no realtime availability calendar exposed.
/car/toyota-camry-xv-70-luxe-safety,45000,45000,False,True,True,False,Public page/listing only; no realtime availability calendar exposed.
/car/toyota-camry-xv-70-prestige-plus,45000,45000,False,True,True,False,Public page/listing only; no realtime availability calendar exposed.
/car/toyota-camry-xv-70-prestige-plus_20230127093610,45000,45000,False,True,True,False,Public page/listing only; no realtime availability calendar exposed.
/car/hyundai-sonata,45000,45000,False,True,True,False,Public page/listing only; no realtime availability calendar exposed.
/car/toyota-camry-70-usa-komplektacia-se,35000,35000,False,True,True,False,Public page/listing only; no realtime availability calendar exposed.
/car/toyota-camry-xv-55-n5,40000,40000,False,True,True,False,Public page/listing only; no realtime availability calendar exposed.
/car/kia-k-5,45000,45000,False,True,True,False,Public page/listing only; no realtime availability calendar exposed.
/car/toyota-camry-xv-70,45000,45000,False,True,True,False,Public page/listing only; no realtime availability calendar exposed.
/car/kia-spotage-2023,40000,40000,False,True,True,False,Public page/listing only; no realtime availability calendar exposed.
/car/hyundai-tucson,40000,40000,False,True,True,False,Public page/listing only; no realtime availability calendar exposed.
/car/toyota-camry-xv-55-n4-navi-15-31,35000,35000,False,True,True,False,Public page/listing only; no realtime availability calendar exposed.
/car/kia-sportage-2020-god,35000,35000,False,True,True,False,Public page/listing only; no realtime availability calendar exposed.
/car/toyota-camry-xv-55_20231013120702,35000,35000,False,True,True,False,Public page/listing only; no realtime availability calendar exposed.
/car/kia-seltos,35000,35000,False,True,True,False,Public page/listing only; no realtime availability calendar exposed.
/car/toyota-camry-xv-55,30000,30000,False,True,True,False,Public page/listing only; no realtime availability calendar exposed.
/car/toyota-camry-xv-55_20230127093040,30000,30000,False,True,True,False,Public page/listing only; no realtime availability calendar exposed.
/car/toyota-camry-xv-55_20230201112348,30000,30000,False,True,True,False,Public page/listing only; no realtime availability calendar exposed.
/car/toyota-camry-xv-55_20230306085552,35000,35000,False,True,True,False,Public page/listing only; no realtime availability calendar exposed.
/car/hyundai-tucson_20240515094333,27000,27000,False,True,True,False,Public page/listing only; no realtime availability calendar exposed.
/car/lexus-gs-350-awd-restajling,30000,30000,False,True,True,False,Public page/listing only; no realtime availability calendar exposed.
/car/hyundai-elantra,32000,32000,False,True,True,False,Public page/listing only; no realtime availability calendar exposed.
/car/hyundai-elantra_20230815091736,23000,23000,False,True,True,False,Public page/listing only; no realtime availability calendar exposed.
/car/hyundai-accent,23000,23000,False,True,True,False,Public page/listing only; no realtime availability calendar exposed.
/car/hyundai-accent-2015-god-1-6-avtomat,20000,20000,False,True,True,False,Public page/listing only; no realtime availability calendar exposed.
/car/chevrolet-cobalt-2022-1-5-avtomat,20000,20000,False,True,True,False,Public page/listing only; no realtime availability calendar exposed.
/car/hyundai-accent_20231115121923,20000,20000,False,True,True,False,Public page/listing only; no realtime availability calendar exposed.
/car/bmw-530i-x-drive,90000,90000,False,True,True,False,Public page/listing only; no realtime availability calendar exposed.
/car/bmw-x6,80000,80000,False,True,True,False,Public page/listing only; no realtime availability calendar exposed.
/car/bmw-x6_20241001102848,80000,80000,False,True,True,False,Public page/listing only; no realtime availability calendar exposed.
/car/bmw-x6_20260622070809,200000,200000,False,True,True,False,Public page/listing only; no realtime availability calendar exposed.
/car/changan-x5-plus,28000,28000,False,True,True,False,Public page/listing only; no realtime availability calendar exposed.
/car/chevrolet-cobalt,20000,20000,False,True,True,False,Public page/listing only; no realtime availability calendar exposed.
/car/chevrolet-tahoe,200000,200000,False,True,True,False,Public page/listing only; no realtime availability calendar exposed.
/car/hyundai-accent_20241125134834,23000,23000,False,True,True,False,Public page/listing only; no realtime availability calendar exposed.
/car/hyundai-elantra_20240819123613,32000,32000,False,True,True,False,Public page/listing only; no realtime availability calendar exposed.
/car/hyundai-elantra_20260403070232,32000,32000,False,True,True,False,Public page/listing only; no realtime availability calendar exposed.
/car/hyundai-mufasa_20260403064415,35000,35000,False,True,True,False,Public page/listing only; no realtime availability calendar exposed.
/car/hyundai-santa-fe,50000,50000,False,True,True,False,Public page/listing only; no realtime availability calendar exposed.
/car/hyundai-santa-fe-high-tech,70000,70000,False,True,True,False,Public page/listing only; no realtime availability calendar exposed.
/car/hyundai-santa-fe_20241218064857,70000,70000,False,True,True,False,Public page/listing only; no realtime availability calendar exposed.
/car/hyundai-tucson_20240914134010,40000,40000,False,True,True,False,Public page/listing only; no realtime availability calendar exposed.
/car/kia-cerato-gt-line,35000,35000,False,True,True,False,Public page/listing only; no realtime availability calendar exposed.
/car/kia-k-5_20240701073837,45000,45000,False,True,True,False,Public page/listing only; no realtime availability calendar exposed.
/car/kia-sportage,40000,40000,False,True,True,False,Public page/listing only; no realtime availability calendar exposed.
/car/lixiang-l7-pro,95000,95000,False,True,True,False,Public page/listing only; no realtime availability calendar exposed.
/car/mercedes-w222-s-63-amg,300000,300000,False,True,True,False,Public page/listing only; no realtime availability calendar exposed.
/car/toyota-camry-xv-75,50000,50000,False,True,True,False,Public page/listing only; no realtime availability calendar exposed.
/car/toyota-camry-xv-75_20260408104311,55000,55000,False,True,True,False,Public page/listing only; no realtime availability calendar exposed.
/car/toyota-camry-xv-80,75000,75000,False,True,True,False,Public page/listing only; no realtime availability calendar exposed.
/car/toyota-camry-xv-80_20251115074721,75000,75000,False,True,True,False,Public page/listing only; no realtime availability calendar exposed.
/car/toyota-highlander,90000,90000,False,True,True,False,Public page/listing only; no realtime availability calendar exposed.
/car/toyota-land-cruiser-200_20240926132114,95000,95000,False,True,True,False,Public page/listing only; no realtime availability calendar exposed.
/car/toyota-land-cruiser-200_20250604084050,95000,95000,False,True,True,False,Public page/listing only; no realtime availability calendar exposed.
/car/toyota-lc-200-excalibur_20250827073659,120000,120000,False,True,True,False,Public page/listing only; no realtime availability calendar exposed.
/car/toyota-lc-200_20240626072039,95000,95000,False,True,True,False,Public page/listing only; no realtime availability calendar exposed.
/car/chery-tiggo-4,35000,35000,False,True,True,False,Public page/listing only; no realtime availability calendar exposed.
/car/hyundai-accent_20240611104858,20000,20000,False,True,True,False,Public page/listing only; no realtime availability calendar exposed.
/car/kia-ceed,35000,35000,False,True,True,False,Public page/listing only; no realtime availability calendar exposed.
/car/kia-seltos_20240920104836,35000,35000,False,True,True,False,Public page/listing only; no realtime availability calendar exposed.
/car/kia-sportage_20260729090852,40000,40000,False,True,True,False,Public page/listing only; no realtime availability calendar exposed.
/car/toyota-camry-xv70,45000,45000,False,True,True,False,Public page/listing only; no realtime availability calendar exposed.
/car/toyota-xv50,30000,30000,False,True,True,False,Public page/listing only; no realtime availability calendar exposed.
/car/changan-x5-plus_20260810090844,30000,30000,False,True,True,False,Public page/listing only; no realtime availability calendar exposed.
/car/changan-x5-plus_20260901073633,30000,30000,False,True,True,False,Public page/listing only; no realtime availability calendar exposed.
/car/chevrolet-cobalt_20241220111045,20000,20000,False,True,True,False,Public page/listing only; no realtime availability calendar exposed.
/car/chevrolet-cobalt_20251111103617,20000,20000,False,True,True,False,Public page/listing only; no realtime availability calendar exposed.
/car/hyundai-creta,28000,28000,False,True,True,False,Public page/listing only; no realtime availability calendar exposed.
/car/hyundai-tucson_20260604100103,45000,45000,False,True,True,False,Public page/listing only; no realtime availability calendar exposed.
/car/jac-j7,25000,25000,False,True,True,False,Public page/listing only; no realtime availability calendar exposed.
/car/kia-soul,25000,25000,False,True,True,False,Public page/listing only; no realtime availability calendar exposed.
/car/lexus-es-250,45000,45000,False,True,True,False,Public page/listing only; no realtime availability calendar exposed.
/car/toyota-camry-xv-55_20250605065343,30000,30000,False,True,True,False,Public page/listing only; no realtime availability calendar exposed.
/car/toyota-camry-xv-55_20260731072807,35000,35000,False,True,True,False,Public page/listing only; no realtime availability calendar exposed.
/car/toyota-lc-200-excalibur_20260615123651,150000,150000,False,True,True,False,Public page/listing only; no realtime availability calendar exposed.
/car/toyota-rav4_20241007122739,35000,35000,False,True,True,False,Public page/listing only; no realtime availability calendar exposed.
