url,original_status,live_status,new_status,expected_status,old_title,new_title,old_description,new_description,old_h1,new_h1,old_canonical,new_canonical,old_images,new_images,old_gallery_images,new_gallery_images,schema_count,pass,issues,note
https://legionautorent.kz/,200,200,200,200,,Аренда авто без водителя в Астане | Legion Auto Rent,,Прокат автомобилей без водителя в Астане. Автопарк Legion Auto Rent  цены от 20 000 ₸  документы и условия аренды.,"ПРОКАТ АВТО БЕЗ ВОДИТЕЛЯ В АСТАНЕ,  ЦЕНЫ ОТ 20 000 ТГ/СУТКИ","ПРОКАТ АВТО БЕЗ ВОДИТЕЛЯ В АСТАНЕ,  ЦЕНЫ ОТ 20 000 ТГ/СУТКИ",https://legionautorent.kz/,https://legionautorent.kz/,205,67,0,0,4,True,,Empty legacy SEO filled
https://legionautorent.kz/kostanay/,200,200,200,200,,Аренда авто без водителя в Костанае | Legion Auto Rent,Kostanay description,Kostanay description,"ПРОКАТ АВТО БЕЗ ВОДИТЕЛЯ В КОСТАНАЕ,  ЦЕНЫ ОТ 20 000 ТГ/СУТКИ","ПРОКАТ АВТО БЕЗ ВОДИТЕЛЯ В КОСТАНАЕ,  ЦЕНЫ ОТ 20 000 ТГ/СУТКИ",https://legionautorent.kz/kostanay/,https://legionautorent.kz/kostanay/,46,17,0,0,5,True,,Empty legacy SEO filled
https://legionautorent.kz/ustkamenogorsk/,200,200,200,200,Прокат авто,Прокат авто,,Прокат автомобилей без водителя в Усть-Каменогорске. Автопарк Legion Auto Rent  цены от 20 000 ₸  документы и условия аренды.,"ПРОКАТ АВТО БЕЗ ВОДИТЕЛЯ В УСТЬ-КАМЕНОГОРСКЕ, ЦЕНЫ ОТ 20 000 ТГ/СУТКИ","ПРОКАТ АВТО БЕЗ ВОДИТЕЛЯ В УСТЬ-КАМЕНОГОРСКЕ, ЦЕНЫ ОТ 20 000 ТГ/СУТКИ",https://legionautorent.kz/ustkamenogorsk/,https://legionautorent.kz/ustkamenogorsk/,57,22,0,0,5,True,,Empty legacy SEO filled
https://legionautorent.kz/pavlodar/,200,200,200,200,Прокат авто в Павлодаре,Прокат авто в Павлодаре,,Прокат автомобилей без водителя в Павлодаре. Автопарк Legion Auto Rent  цены от 20 000 ₸  документы и условия аренды.,"ПРОКАТ АВТО БЕЗ ВОДИТЕЛЯ В ПАВЛОДАРЕ, ЦЕНЫ ОТ 20 000 ТГ/СУТКИ","ПРОКАТ АВТО БЕЗ ВОДИТЕЛЯ В ПАВЛОДАРЕ, ЦЕНЫ ОТ 20 000 ТГ/СУТКИ",https://legionautorent.kz/pavlodar/,https://legionautorent.kz/pavlodar/,32,12,0,0,5,True,,Empty legacy SEO filled
https://legionautorent.kz/car/lexus-lx-570-superior,200,200,200,200,Lexus Lx 570 Superior,Lexus Lx 570 Superior,,Аренда Lexus Lx 570 Superior без водителя от 180 000 ₸ в сутки. Фотографии  скидки и условия Legion Auto Rent.,Аренда Lexus Lx 570 Superior,Аренда Lexus Lx 570 Superior,https://legionautorent.kz/car/lexus-lx-570-superior,https://legionautorent.kz/car/lexus-lx-570-superior,5,9,4,4,5,True,,Empty legacy SEO filled
https://legionautorent.kz/car/toyota-lc-300,500,500,404,404,Error,Page not found at /car/toyota-lc-300,,,,Page not found (404),,,0,0,0,0,0,True,,Recovery pending: old 500 returns honest 404
https://legionautorent.kz/car/mercedes-s-500,200,200,200,200,MERCEDES W 222 S-500,MERCEDES W 222 S-500,,Аренда MERCEDES W 222 S-500 без водителя от 140 000 ₸ в сутки. Фотографии  скидки и условия Legion Auto Rent.,Аренда MERCEDES W 222 S-500,Аренда MERCEDES W 222 S-500,https://legionautorent.kz/car/mercedes-s-500,https://legionautorent.kz/car/mercedes-s-500,5,9,4,4,5,True,,Empty legacy SEO filled
https://legionautorent.kz/car/mercedes-w-222-s-400,200,200,200,200,Mercedes W 222 S 400,Mercedes W 222 S 400,,Аренда Mercedes W 222 S 400 без водителя от 120 000 ₸ в сутки. Фотографии  скидки и условия Legion Auto Rent.,Аренда Mercedes W 222 S 400,Аренда Mercedes W 222 S 400,https://legionautorent.kz/car/mercedes-w-222-s-400,https://legionautorent.kz/car/mercedes-w-222-s-400,4,8,3,3,5,True,,Empty legacy SEO filled
https://legionautorent.kz/car/toyota-lc-200-luxe,200,200,200,200,Toyota LC 200 Luxe,Toyota LC 200 Luxe,,Аренда Toyota LC 200 Luxe без водителя от 95 000 ₸ в сутки. Фотографии  скидки и условия Legion Auto Rent.,Аренда Toyota LC 200 Luxe,Аренда Toyota LC 200 Luxe,https://legionautorent.kz/car/toyota-lc-200-luxe,https://legionautorent.kz/car/toyota-lc-200-luxe,4,8,3,3,5,True,,Empty legacy SEO filled
https://legionautorent.kz/car/toyota-lc-200-excalibur,200,200,200,200,TOYOTA LC 200 EXCALIBUR,TOYOTA LC 200 EXCALIBUR,,Аренда TOYOTA LC 200 EXCALIBUR без водителя от 120 000 ₸ в сутки. Фотографии  скидки и условия Legion Auto Rent.,Аренда TOYOTA LC 200 EXCALIBUR,Аренда TOYOTA LC 200 EXCALIBUR,https://legionautorent.kz/car/toyota-lc-200-excalibur,https://legionautorent.kz/car/toyota-lc-200-excalibur,4,8,3,3,5,True,,Empty legacy SEO filled
https://legionautorent.kz/car/range-rover,200,200,200,200,RANGE ROVER,RANGE ROVER,,Аренда RANGE ROVER без водителя от 100 000 ₸ в сутки. Фотографии  скидки и условия Legion Auto Rent.,Аренда RANGE ROVER,Аренда RANGE ROVER,https://legionautorent.kz/car/range-rover,https://legionautorent.kz/car/range-rover,4,8,3,3,5,True,,Empty legacy SEO filled
https://legionautorent.kz/car/toyota-land-cruiser-200-new,200,200,200,200,Toyota Land Cruiser 200,Toyota Land Cruiser 200,,Аренда Toyota Land Cruiser 200 без водителя от 80 000 ₸ в сутки. Фотографии  скидки и условия Legion Auto Rent.,Аренда Toyota Land Cruiser 200,Аренда Toyota Land Cruiser 200,https://legionautorent.kz/car/toyota-land-cruiser-200-new,https://legionautorent.kz/car/toyota-land-cruiser-200-new,5,9,4,4,5,True,,Empty legacy SEO filled
https://legionautorent.kz/car/mercedes-benz-g55-amg,500,500,404,404,Error,Page not found at /car/mercedes-benz-g55-amg,,,,Page not found (404),,,0,0,0,0,0,True,,Recovery pending: old 500 returns honest 404
https://legionautorent.kz/car/toyota-land-cruiser-200_20240429104403,200,200,200,200,Toyota Land Cruiser 200,Toyota Land Cruiser 200,,Аренда Toyota Land Cruiser 200 без водителя от 80 000 ₸ в сутки. Фотографии  скидки и условия Legion Auto Rent.,Аренда Toyota Land Cruiser 200,Аренда Toyota Land Cruiser 200,https://legionautorent.kz/car/toyota-land-cruiser-200_20240429104403,https://legionautorent.kz/car/toyota-land-cruiser-200_20240429104403,4,8,3,3,5,True,,Empty legacy SEO filled
https://legionautorent.kz/car/toyota-lc-200_20240518093415,500,500,404,404,Error,Page not found at /car/toyota-lc-200_20240518093415,,,,Page not found (404),,,0,0,0,0,0,True,,Recovery pending: old 500 returns honest 404
https://legionautorent.kz/car/toyota-land-cruiser-200,200,200,200,200,TOYOTA LAND CRUISER 200,TOYOTA LAND CRUISER 200,,Аренда TOYOTA LAND CRUISER 200 без водителя от 100 000 ₸ в сутки. Фотографии  скидки и условия Legion Auto Rent.,Аренда TOYOTA LAND CRUISER 200,Аренда TOYOTA LAND CRUISER 200,https://legionautorent.kz/car/toyota-land-cruiser-200,https://legionautorent.kz/car/toyota-land-cruiser-200,4,8,3,3,5,True,,Empty legacy SEO filled
https://legionautorent.kz/car/toyota-land-cruiser-200_20211104112631,200,200,200,200,TOYOTA LAND CRUISER 200,TOYOTA LAND CRUISER 200,,Аренда TOYOTA LAND CRUISER 200 без водителя от 100 000 ₸ в сутки. Фотографии  скидки и условия Legion Auto Rent.,Аренда TOYOTA LAND CRUISER 200,Аренда TOYOTA LAND CRUISER 200,https://legionautorent.kz/car/toyota-land-cruiser-200_20211104112631,https://legionautorent.kz/car/toyota-land-cruiser-200_20211104112631,4,8,3,3,5,True,,Empty legacy SEO filled
https://legionautorent.kz/car/mercedes-g-500,200,200,200,200,Mercedes G 500,Mercedes G 500,,Аренда Mercedes G 500 без водителя от 70 000 ₸ в сутки. Фотографии  скидки и условия Legion Auto Rent.,Аренда Mercedes G 500,Аренда Mercedes G 500,https://legionautorent.kz/car/mercedes-g-500,https://legionautorent.kz/car/mercedes-g-500,6,10,5,5,5,True,,Empty legacy SEO filled
https://legionautorent.kz/car/lexus-gs-350-f-sport,200,200,200,200,Lexus GS 350 F SPORT,Lexus GS 350 F SPORT,,Аренда Lexus GS 350 F SPORT без водителя от 55 000 ₸ в сутки. Фотографии  скидки и условия Legion Auto Rent.,Аренда Lexus GS 350 F SPORT,Аренда Lexus GS 350 F SPORT,https://legionautorent.kz/car/lexus-gs-350-f-sport,https://legionautorent.kz/car/lexus-gs-350-f-sport,5,9,4,4,5,True,,Empty legacy SEO filled
https://legionautorent.kz/car/mercedes-benz-s221,200,200,200,200,Mercedes W221 S-550,Mercedes W221 S-550,,Аренда Mercedes W221 S-550 без водителя от 55 000 ₸ в сутки. Фотографии  скидки и условия Legion Auto Rent.,Аренда Mercedes W221 S-550,Аренда Mercedes W221 S-550,https://legionautorent.kz/car/mercedes-benz-s221,https://legionautorent.kz/car/mercedes-benz-s221,4,8,3,3,5,True,,Empty legacy SEO filled
https://legionautorent.kz/car/mercedes-w-221-s500,500,500,404,404,Error,Page not found at /car/mercedes-w-221-s500,,,,Page not found (404),,,0,0,0,0,0,True,,Recovery pending: old 500 returns honest 404
https://legionautorent.kz/car/hyundai-sonata-n-line,200,200,200,200,HYUNDAI SONATA N-LINE,HYUNDAI SONATA N-LINE,,Аренда HYUNDAI SONATA N-LINE без водителя от 55 000 ₸ в сутки. Фотографии  скидки и условия Legion Auto Rent.,Аренда HYUNDAI SONATA N-LINE,Аренда HYUNDAI SONATA N-LINE,https://legionautorent.kz/car/hyundai-sonata-n-line,https://legionautorent.kz/car/hyundai-sonata-n-line,4,8,3,3,5,True,,Empty legacy SEO filled
https://legionautorent.kz/car/toyota-lc-200,200,200,200,200,Toyota LC 200,Toyota LC 200,,Аренда Toyota LC 200 без водителя от 50 000 ₸ в сутки. Фотографии  скидки и условия Legion Auto Rent.,Аренда Toyota LC 200,Аренда Toyota LC 200,https://legionautorent.kz/car/toyota-lc-200,https://legionautorent.kz/car/toyota-lc-200,4,8,3,3,5,True,,Empty legacy SEO filled
https://legionautorent.kz/car/mercedes-w-212-e-class,200,200,200,200,Mercedes W 212 E class,Mercedes W 212 E class,,Аренда Mercedes W 212 E class без водителя от 50 000 ₸ в сутки. Фотографии  скидки и условия Legion Auto Rent.,Аренда Mercedes W 212 E class,Аренда Mercedes W 212 E class,https://legionautorent.kz/car/mercedes-w-212-e-class,https://legionautorent.kz/car/mercedes-w-212-e-class,4,8,3,3,5,True,,Empty legacy SEO filled
https://legionautorent.kz/car/hyundai-sonata-style-plus,500,500,404,404,Error,Page not found at /car/hyundai-sonata-style-plus,,,,Page not found (404),,,0,0,0,0,0,True,,Recovery pending: old 500 returns honest 404
https://legionautorent.kz/car/toyota-camry-xv-70-luxe-safety,200,200,200,200,Toyota Camry XV 70 Luxe Safety,Toyota Camry XV 70 Luxe Safety,,Аренда Toyota Camry XV 70 Luxe Safety без водителя от 45 000 ₸ в сутки. Фотографии  скидки и условия Legion Auto Rent.,Аренда Toyota Camry XV 70 Luxe Safety,Аренда Toyota Camry XV 70 Luxe Safety,https://legionautorent.kz/car/toyota-camry-xv-70-luxe-safety,https://legionautorent.kz/car/toyota-camry-xv-70-luxe-safety,4,8,3,3,5,True,,Empty legacy SEO filled
https://legionautorent.kz/car/toyota-camry-xv-70-prestige-plus,200,200,200,200,Toyota Camry XV 70  Prestige Plus,Toyota Camry XV 70  Prestige Plus,,Аренда Toyota Camry XV 70  Prestige Plus без водителя от 45 000 ₸ в сутки. Фотографии  скидки и условия Legion Auto Rent.,Аренда Toyota Camry XV 70  Prestige Plus,Аренда Toyota Camry XV 70  Prestige Plus,https://legionautorent.kz/car/toyota-camry-xv-70-prestige-plus,https://legionautorent.kz/car/toyota-camry-xv-70-prestige-plus,4,8,3,3,5,True,,Empty legacy SEO filled
https://legionautorent.kz/car/toyota-camry-xv-70-prestige-plus_20230127093610,200,200,200,200,Toyota Camry XV 70  Prestige plus,Toyota Camry XV 70  Prestige plus,,Аренда Toyota Camry XV 70  Prestige plus без водителя от 45 000 ₸ в сутки. Фотографии  скидки и условия Legion Auto Rent.,Аренда Toyota Camry XV 70  Prestige plus,Аренда Toyota Camry XV 70  Prestige plus,https://legionautorent.kz/car/toyota-camry-xv-70-prestige-plus_20230127093610,https://legionautorent.kz/car/toyota-camry-xv-70-prestige-plus_20230127093610,4,8,3,3,5,True,,Empty legacy SEO filled
https://legionautorent.kz/car/hyundai-sonata,200,200,200,200,Hyundai Sonata,Hyundai Sonata,,Аренда Hyundai Sonata без водителя от 45 000 ₸ в сутки. Фотографии  скидки и условия Legion Auto Rent.,Аренда Hyundai Sonata,Аренда Hyundai Sonata,https://legionautorent.kz/car/hyundai-sonata,https://legionautorent.kz/car/hyundai-sonata,5,9,4,4,5,True,,Empty legacy SEO filled
https://legionautorent.kz/car/toyota-camry-70-usa-komplektacia-se,200,200,200,200,"Toyota Camry 70 USA, комплектация SE","Toyota Camry 70 USA, комплектация SE",,Аренда Toyota Camry 70 USA  комплектация SE без водителя от 35 000 ₸ в сутки. Фотографии  скидки и условия Legion Auto Rent.,"Аренда Toyota Camry 70 USA, комплектация SE","Аренда Toyota Camry 70 USA, комплектация SE",https://legionautorent.kz/car/toyota-camry-70-usa-komplektacia-se,https://legionautorent.kz/car/toyota-camry-70-usa-komplektacia-se,4,8,3,3,5,True,,Empty legacy SEO filled
https://legionautorent.kz/car/toyota-camry-xv-55-n5,200,200,200,200,Toyota Camry XV 55 N5,Toyota Camry XV 55 N5,,Аренда Toyota Camry XV 55 N5 без водителя от 40 000 ₸ в сутки. Фотографии  скидки и условия Legion Auto Rent.,Аренда Toyota Camry XV 55 N5,Аренда Toyota Camry XV 55 N5,https://legionautorent.kz/car/toyota-camry-xv-55-n5,https://legionautorent.kz/car/toyota-camry-xv-55-n5,4,8,3,3,5,True,,Empty legacy SEO filled
https://legionautorent.kz/car/toyota-camry-xv-70-se,500,500,404,404,Error,Page not found at /car/toyota-camry-xv-70-se,,,,Page not found (404),,,0,0,0,0,0,True,,Recovery pending: old 500 returns honest 404
https://legionautorent.kz/car/kia-k-5,200,200,200,200,KIA K-5,KIA K-5,,Аренда KIA K-5 без водителя от 45 000 ₸ в сутки. Фотографии  скидки и условия Legion Auto Rent.,Аренда KIA K-5,Аренда KIA K-5,https://legionautorent.kz/car/kia-k-5,https://legionautorent.kz/car/kia-k-5,5,9,4,4,5,True,,Empty legacy SEO filled
https://legionautorent.kz/car/toyota-camry-xv-70,200,200,200,200,Toyota Camry XV 70,Toyota Camry XV 70,,Аренда Toyota Camry XV 70 без водителя от 45 000 ₸ в сутки. Фотографии  скидки и условия Legion Auto Rent.,Аренда Toyota Camry XV 70,Аренда Toyota Camry XV 70,https://legionautorent.kz/car/toyota-camry-xv-70,https://legionautorent.kz/car/toyota-camry-xv-70,4,8,3,3,5,True,,Empty legacy SEO filled
https://legionautorent.kz/car/hyundai-sonata-2021,500,500,404,404,Error,Page not found at /car/hyundai-sonata-2021,,,,Page not found (404),,,0,0,0,0,0,True,,Recovery pending: old 500 returns honest 404
https://legionautorent.kz/car/kia-spotage-2023,200,200,200,200,KIA SPOTAGE 2023,KIA SPOTAGE 2023,,Аренда KIA SPOTAGE 2023 без водителя от 40 000 ₸ в сутки. Фотографии  скидки и условия Legion Auto Rent.,Аренда KIA SPOTAGE 2023,Аренда KIA SPOTAGE 2023,https://legionautorent.kz/car/kia-spotage-2023,https://legionautorent.kz/car/kia-spotage-2023,5,9,4,4,5,True,,Empty legacy SEO filled
https://legionautorent.kz/car/hyundai-tucson,200,200,200,200,Hyundai Tucson,Hyundai Tucson,,Аренда Hyundai Tucson без водителя от 40 000 ₸ в сутки. Фотографии  скидки и условия Legion Auto Rent.,Аренда Hyundai Tucson,Аренда Hyundai Tucson,https://legionautorent.kz/car/hyundai-tucson,https://legionautorent.kz/car/hyundai-tucson,5,9,4,4,5,True,,Empty legacy SEO filled
https://legionautorent.kz/car/toyota-rav4,500,500,404,404,Error,Page not found at /car/toyota-rav4,,,,Page not found (404),,,0,0,0,0,0,True,,Recovery pending: old 500 returns honest 404
https://legionautorent.kz/car/kia-cerato-komplektacia-prestige-2021-god,500,500,404,404,Error,Page not found at /car/kia-cerato-komplektacia-prestige-2021-god,,,,Page not found (404),,,0,0,0,0,0,True,,Recovery pending: old 500 returns honest 404
https://legionautorent.kz/car/hyundai-tucson-2020-god,500,500,404,404,Error,Page not found at /car/hyundai-tucson-2020-god,,,,Page not found (404),,,0,0,0,0,0,True,,Recovery pending: old 500 returns honest 404
https://legionautorent.kz/car/toyota-camry-xv-55-n4-navi-15-31,200,200,200,200,Toyota Camry XV 55 N4 Navi,Toyota Camry XV 55 N4 Navi,,Аренда Toyota Camry XV 55 N4 Navi без водителя от 35 000 ₸ в сутки. Фотографии  скидки и условия Legion Auto Rent.,Аренда Toyota Camry XV 55 N4 Navi,Аренда Toyota Camry XV 55 N4 Navi,https://legionautorent.kz/car/toyota-camry-xv-55-n4-navi-15-31,https://legionautorent.kz/car/toyota-camry-xv-55-n4-navi-15-31,4,8,3,3,5,True,,Empty legacy SEO filled
https://legionautorent.kz/car/kia-sportage-2020-god,200,200,200,200,KIA SPORTAGE 2020 год,KIA SPORTAGE 2020 год,,Аренда KIA SPORTAGE 2020 год без водителя от 35 000 ₸ в сутки. Фотографии  скидки и условия Legion Auto Rent.,Аренда KIA SPORTAGE 2020 год,Аренда KIA SPORTAGE 2020 год,https://legionautorent.kz/car/kia-sportage-2020-god,https://legionautorent.kz/car/kia-sportage-2020-god,4,8,3,3,5,True,,Empty legacy SEO filled
https://legionautorent.kz/car/toyota-camry-xv-55_20231013120702,200,200,200,200,Toyota Camry XV 55,Toyota Camry XV 55,,Аренда Toyota Camry XV 55 без водителя от 35 000 ₸ в сутки. Фотографии  скидки и условия Legion Auto Rent.,Аренда Toyota Camry XV 55,Аренда Toyota Camry XV 55,https://legionautorent.kz/car/toyota-camry-xv-55_20231013120702,https://legionautorent.kz/car/toyota-camry-xv-55_20231013120702,4,8,3,3,5,True,,Empty legacy SEO filled
https://legionautorent.kz/car/toyota-camry-xv-70_20231212174258,500,500,404,404,Error,Page not found at /car/toyota-camry-xv-70_20231212174258,,,,Page not found (404),,,0,0,0,0,0,True,,Recovery pending: old 500 returns honest 404
https://legionautorent.kz/car/kia-seltos,200,200,200,200,KIA SELTOS,KIA SELTOS,,Аренда KIA SELTOS без водителя от 35 000 ₸ в сутки. Фотографии  скидки и условия Legion Auto Rent.,Аренда KIA SELTOS,Аренда KIA SELTOS,https://legionautorent.kz/car/kia-seltos,https://legionautorent.kz/car/kia-seltos,4,8,3,3,5,True,,Empty legacy SEO filled
https://legionautorent.kz/car/toyota-camry-55-n4-navi,500,500,404,404,Error,Page not found at /car/toyota-camry-55-n4-navi,,,,Page not found (404),,,0,0,0,0,0,True,,Recovery pending: old 500 returns honest 404
https://legionautorent.kz/car/toyota-camry-xv-55,200,200,200,200,Toyota Camry XV 55,Toyota Camry XV 55,,Аренда Toyota Camry XV 55 без водителя от 30 000 ₸ в сутки. Фотографии  скидки и условия Legion Auto Rent.,Аренда Toyota Camry XV 55,Аренда Toyota Camry XV 55,https://legionautorent.kz/car/toyota-camry-xv-55,https://legionautorent.kz/car/toyota-camry-xv-55,4,8,3,3,5,True,,Empty legacy SEO filled
https://legionautorent.kz/car/toyota-camry-xv-55_20230127093040,200,200,200,200,Toyota Camry XV 55,Toyota Camry XV 55,,Аренда Toyota Camry XV 55 без водителя от 30 000 ₸ в сутки. Фотографии  скидки и условия Legion Auto Rent.,Аренда Toyota Camry XV 55,Аренда Toyota Camry XV 55,https://legionautorent.kz/car/toyota-camry-xv-55_20230127093040,https://legionautorent.kz/car/toyota-camry-xv-55_20230127093040,4,8,3,3,5,True,,Empty legacy SEO filled
https://legionautorent.kz/car/toyota-camry-xv-55_20230201112348,200,200,200,200,TOYOTA CAMRY XV 55,TOYOTA CAMRY XV 55,,Аренда TOYOTA CAMRY XV 55 без водителя от 30 000 ₸ в сутки. Фотографии  скидки и условия Legion Auto Rent.,Аренда TOYOTA CAMRY XV 55,Аренда TOYOTA CAMRY XV 55,https://legionautorent.kz/car/toyota-camry-xv-55_20230201112348,https://legionautorent.kz/car/toyota-camry-xv-55_20230201112348,4,8,3,3,5,True,,Empty legacy SEO filled
https://legionautorent.kz/car/hyundai-kona,500,500,404,404,Error,Page not found at /car/hyundai-kona,,,,Page not found (404),,,0,0,0,0,0,True,,Recovery pending: old 500 returns honest 404
https://legionautorent.kz/car/toyota-camry-xv-55_20230306085552,200,200,200,200,TOYOTA CAMRY XV 55,TOYOTA CAMRY XV 55,,Аренда TOYOTA CAMRY XV 55 без водителя от 35 000 ₸ в сутки. Фотографии  скидки и условия Legion Auto Rent.,Аренда TOYOTA CAMRY XV 55,Аренда TOYOTA CAMRY XV 55,https://legionautorent.kz/car/toyota-camry-xv-55_20230306085552,https://legionautorent.kz/car/toyota-camry-xv-55_20230306085552,4,8,3,3,5,True,,Empty legacy SEO filled
https://legionautorent.kz/car/suzuki-crand-vitara-awd-2022,500,500,404,404,Error,Page not found at /car/suzuki-crand-vitara-awd-2022,,,,Page not found (404),,,0,0,0,0,0,True,,Recovery pending: old 500 returns honest 404
https://legionautorent.kz/car/toyota-corolla,500,500,404,404,Error,Page not found at /car/toyota-corolla,,,,Page not found (404),,,0,0,0,0,0,True,,Recovery pending: old 500 returns honest 404
https://legionautorent.kz/car/hyundai-tucson_20240515094333,200,200,200,200,HYUNDAI TUCSON,HYUNDAI TUCSON,,Аренда HYUNDAI TUCSON без водителя от 27 000 ₸ в сутки. Фотографии  скидки и условия Legion Auto Rent.,Аренда HYUNDAI TUCSON,Аренда HYUNDAI TUCSON,https://legionautorent.kz/car/hyundai-tucson_20240515094333,https://legionautorent.kz/car/hyundai-tucson_20240515094333,2,6,1,1,5,True,,Empty legacy SEO filled
https://legionautorent.kz/car/lexus-gs-350-awd-restajling,200,200,200,200,Lexus GS 350 AWD Рестайлинг,Lexus GS 350 AWD Рестайлинг,,Аренда Lexus GS 350 AWD Рестайлинг без водителя от 30 000 ₸ в сутки. Фотографии  скидки и условия Legion Auto Rent.,Аренда Lexus GS 350 AWD Рестайлинг,Аренда Lexus GS 350 AWD Рестайлинг,https://legionautorent.kz/car/lexus-gs-350-awd-restajling,https://legionautorent.kz/car/lexus-gs-350-awd-restajling,4,8,3,3,5,True,,Empty legacy SEO filled
https://legionautorent.kz/car/toyota-camry-xv-50,500,500,404,404,Error,Page not found at /car/toyota-camry-xv-50,,,,Page not found (404),,,0,0,0,0,0,True,,Recovery pending: old 500 returns honest 404
https://legionautorent.kz/car/hyundai-elantra,200,200,200,200,HYUNDAI ELANTRA,HYUNDAI ELANTRA,,Аренда HYUNDAI ELANTRA без водителя от 32 000 ₸ в сутки. Фотографии  скидки и условия Legion Auto Rent.,Аренда HYUNDAI ELANTRA,Аренда HYUNDAI ELANTRA,https://legionautorent.kz/car/hyundai-elantra,https://legionautorent.kz/car/hyundai-elantra,4,8,3,3,5,True,,Empty legacy SEO filled
https://legionautorent.kz/car/hyundai-elantra_20221118075736,500,500,404,404,Error,Page not found at /car/hyundai-elantra_20221118075736,,,,Page not found (404),,,0,0,0,0,0,True,,Recovery pending: old 500 returns honest 404
https://legionautorent.kz/car/hyundai-elantra_20230815091736,200,200,200,200,HYUNDAI ELANTRA,HYUNDAI ELANTRA,,Аренда HYUNDAI ELANTRA без водителя от 23 000 ₸ в сутки. Фотографии  скидки и условия Legion Auto Rent.,Аренда HYUNDAI ELANTRA,Аренда HYUNDAI ELANTRA,https://legionautorent.kz/car/hyundai-elantra_20230815091736,https://legionautorent.kz/car/hyundai-elantra_20230815091736,4,8,3,3,5,True,,Empty legacy SEO filled
https://legionautorent.kz/car/hyundai-solaris_20230907041113,500,500,404,404,Error,Page not found at /car/hyundai-solaris_20230907041113,,,,Page not found (404),,,0,0,0,0,0,True,,Recovery pending: old 500 returns honest 404
https://legionautorent.kz/car/mitsubishi-galant,500,500,404,404,Error,Page not found at /car/mitsubishi-galant,,,,Page not found (404),,,0,0,0,0,0,True,,Recovery pending: old 500 returns honest 404
https://legionautorent.kz/car/kia-rio-2020-1-6-avtomat,500,500,404,404,Error,Page not found at /car/kia-rio-2020-1-6-avtomat,,,,Page not found (404),,,0,0,0,0,0,True,,Recovery pending: old 500 returns honest 404
https://legionautorent.kz/car/hyundai-accent,200,200,200,200,Hyundai Accent,Hyundai Accent,,Аренда Hyundai Accent без водителя от 23 000 ₸ в сутки. Фотографии  скидки и условия Legion Auto Rent.,Аренда Hyundai Accent,Аренда Hyundai Accent,https://legionautorent.kz/car/hyundai-accent,https://legionautorent.kz/car/hyundai-accent,4,8,3,3,5,True,,Empty legacy SEO filled
https://legionautorent.kz/car/hyundai-accent_20211105101122,500,500,404,404,Error,Page not found at /car/hyundai-accent_20211105101122,,,,Page not found (404),,,0,0,0,0,0,True,,Recovery pending: old 500 returns honest 404
https://legionautorent.kz/car/hyundai-accent_20211105101548,500,500,404,404,Error,Page not found at /car/hyundai-accent_20211105101548,,,,Page not found (404),,,0,0,0,0,0,True,,Recovery pending: old 500 returns honest 404
https://legionautorent.kz/car/hyundai-solaris,500,500,404,404,Error,Page not found at /car/hyundai-solaris,,,,Page not found (404),,,0,0,0,0,0,True,,Recovery pending: old 500 returns honest 404
https://legionautorent.kz/car/hyundai-accent-2015-god-1-6-avtomat,200,200,200,200,Hyundai Accent,Hyundai Accent,,Аренда Hyundai Accent без водителя от 20 000 ₸ в сутки. Фотографии  скидки и условия Legion Auto Rent.,Аренда Hyundai Accent,Аренда Hyundai Accent,https://legionautorent.kz/car/hyundai-accent-2015-god-1-6-avtomat,https://legionautorent.kz/car/hyundai-accent-2015-god-1-6-avtomat,4,8,3,3,5,True,,Empty legacy SEO filled
https://legionautorent.kz/car/chevrolet-cobalt-2022-1-5-avtomat,200,200,200,200,Chevrolet Cobalt,Chevrolet Cobalt,,Аренда Chevrolet Cobalt без водителя от 20 000 ₸ в сутки. Фотографии  скидки и условия Legion Auto Rent.,Аренда Chevrolet Cobalt,Аренда Chevrolet Cobalt,https://legionautorent.kz/car/chevrolet-cobalt-2022-1-5-avtomat,https://legionautorent.kz/car/chevrolet-cobalt-2022-1-5-avtomat,6,10,5,5,5,True,,Empty legacy SEO filled
https://legionautorent.kz/car/hyundai-solaris_20220819120531,500,500,404,404,Error,Page not found at /car/hyundai-solaris_20220819120531,,,,Page not found (404),,,0,0,0,0,0,True,,Recovery pending: old 500 returns honest 404
https://legionautorent.kz/car/hyundai-accent_20220912105513,500,500,404,404,Error,Page not found at /car/hyundai-accent_20220912105513,,,,Page not found (404),,,0,0,0,0,0,True,,Recovery pending: old 500 returns honest 404
https://legionautorent.kz/car/chevrolet-aveo,500,500,404,404,Error,Page not found at /car/chevrolet-aveo,,,,Page not found (404),,,0,0,0,0,0,True,,Recovery pending: old 500 returns honest 404
https://legionautorent.kz/car/hyundai-accent_20231115121923,200,200,200,200,Hyundai Accent,Hyundai Accent,,Аренда Hyundai Accent без водителя от 20 000 ₸ в сутки. Фотографии  скидки и условия Legion Auto Rent.,Аренда Hyundai Accent,Аренда Hyundai Accent,https://legionautorent.kz/car/hyundai-accent_20231115121923,https://legionautorent.kz/car/hyundai-accent_20231115121923,4,8,3,3,5,True,,Empty legacy SEO filled
https://legionautorent.kz/car/ravon-r-2-2023,500,500,404,404,Error,Page not found at /car/ravon-r-2-2023,,,,Page not found (404),,,0,0,0,0,0,True,,Recovery pending: old 500 returns honest 404
https://legionautorent.kz/car/bmw-530i-x-drive,200,200,200,200,BMW 530i X-DRIVE,BMW 530i X-DRIVE,,Аренда BMW 530i X-DRIVE без водителя от 90 000 ₸ в сутки. Фотографии  скидки и условия Legion Auto Rent.,Аренда BMW 530i X-DRIVE,Аренда BMW 530i X-DRIVE,https://legionautorent.kz/car/bmw-530i-x-drive,https://legionautorent.kz/car/bmw-530i-x-drive,5,9,4,4,5,True,,Empty legacy SEO filled
https://legionautorent.kz/car/bmw-x6,200,200,200,200,BMW X6,BMW X6,,Аренда BMW X6 без водителя от 80 000 ₸ в сутки. Фотографии  скидки и условия Legion Auto Rent.,Аренда BMW X6,Аренда BMW X6,https://legionautorent.kz/car/bmw-x6,https://legionautorent.kz/car/bmw-x6,5,9,4,4,5,True,,Empty legacy SEO filled
https://legionautorent.kz/car/bmw-x6_20241001102848,200,200,200,200,BMW X6,BMW X6,,Аренда BMW X6 без водителя от 80 000 ₸ в сутки. Фотографии  скидки и условия Legion Auto Rent.,Аренда BMW X6,Аренда BMW X6,https://legionautorent.kz/car/bmw-x6_20241001102848,https://legionautorent.kz/car/bmw-x6_20241001102848,4,8,3,3,5,True,,Empty legacy SEO filled
https://legionautorent.kz/car/bmw-x6_20260622070809,200,200,200,200,Bmw X6,Bmw X6,,Аренда Bmw X6 без водителя от 200 000 ₸ в сутки. Фотографии  скидки и условия Legion Auto Rent.,Аренда Bmw X6,Аренда Bmw X6,https://legionautorent.kz/car/bmw-x6_20260622070809,https://legionautorent.kz/car/bmw-x6_20260622070809,5,9,4,4,5,True,,Empty legacy SEO filled
https://legionautorent.kz/car/changan-x5-plus,200,200,200,200,Changan X5 Plus,Changan X5 Plus,,Аренда Changan X5 Plus без водителя от 28 000 ₸ в сутки. Фотографии  скидки и условия Legion Auto Rent.,Аренда Changan X5 Plus,Аренда Changan X5 Plus,https://legionautorent.kz/car/changan-x5-plus,https://legionautorent.kz/car/changan-x5-plus,4,8,3,3,5,True,,Empty legacy SEO filled
https://legionautorent.kz/car/chevrolet-cobalt,200,200,200,200,Chevrolet Cobalt,Chevrolet Cobalt,,Аренда Chevrolet Cobalt без водителя от 20 000 ₸ в сутки. Фотографии  скидки и условия Legion Auto Rent.,Аренда Chevrolet Cobalt,Аренда Chevrolet Cobalt,https://legionautorent.kz/car/chevrolet-cobalt,https://legionautorent.kz/car/chevrolet-cobalt,4,8,3,3,5,True,,Empty legacy SEO filled
https://legionautorent.kz/car/chevrolet-tahoe,200,200,200,200,CHEVROLET TAHOE,CHEVROLET TAHOE,,Аренда CHEVROLET TAHOE без водителя от 200 000 ₸ в сутки. Фотографии  скидки и условия Legion Auto Rent.,Аренда CHEVROLET TAHOE,Аренда CHEVROLET TAHOE,https://legionautorent.kz/car/chevrolet-tahoe,https://legionautorent.kz/car/chevrolet-tahoe,7,11,6,6,5,True,,Empty legacy SEO filled
https://legionautorent.kz/car/hyundai-accent_20241125134834,200,200,200,200,Hyundai Accent,Hyundai Accent,,Аренда Hyundai Accent без водителя от 23 000 ₸ в сутки. Фотографии  скидки и условия Legion Auto Rent.,Аренда Hyundai Accent,Аренда Hyundai Accent,https://legionautorent.kz/car/hyundai-accent_20241125134834,https://legionautorent.kz/car/hyundai-accent_20241125134834,4,8,3,3,5,True,,Empty legacy SEO filled
https://legionautorent.kz/car/hyundai-elantra_20240819123613,200,200,200,200,HYUNDAI ELANTRA,HYUNDAI ELANTRA,,Аренда HYUNDAI ELANTRA без водителя от 32 000 ₸ в сутки. Фотографии  скидки и условия Legion Auto Rent.,Аренда HYUNDAI ELANTRA,Аренда HYUNDAI ELANTRA,https://legionautorent.kz/car/hyundai-elantra_20240819123613,https://legionautorent.kz/car/hyundai-elantra_20240819123613,4,8,3,3,5,True,,Empty legacy SEO filled
https://legionautorent.kz/car/hyundai-elantra_20260403070232,200,200,200,200,Hyundai Elantra,Hyundai Elantra,,Аренда Hyundai Elantra без водителя от 32 000 ₸ в сутки. Фотографии  скидки и условия Legion Auto Rent.,Аренда Hyundai Elantra,Аренда Hyundai Elantra,https://legionautorent.kz/car/hyundai-elantra_20260403070232,https://legionautorent.kz/car/hyundai-elantra_20260403070232,5,9,4,4,5,True,,Empty legacy SEO filled
https://legionautorent.kz/car/hyundai-mufasa_20260403064415,200,200,200,200,Hyundai Mufasa,Hyundai Mufasa,Hyundai Mufasa,Hyundai Mufasa,Аренда Hyundai Mufasa,Аренда Hyundai Mufasa,https://legionautorent.kz/car/hyundai-mufasa_20260403064415,https://legionautorent.kz/car/hyundai-mufasa_20260403064415,5,9,4,4,5,True,,
https://legionautorent.kz/car/hyundai-santa-fe,200,200,200,200,Hyundai Santa Fe,Hyundai Santa Fe,,Аренда Hyundai Santa Fe без водителя от 50 000 ₸ в сутки. Фотографии  скидки и условия Legion Auto Rent.,Аренда Hyundai Santa Fe,Аренда Hyundai Santa Fe,https://legionautorent.kz/car/hyundai-santa-fe,https://legionautorent.kz/car/hyundai-santa-fe,4,8,3,3,5,True,,Empty legacy SEO filled
https://legionautorent.kz/car/hyundai-santa-fe-high-tech,200,200,200,200,Hyundai Santa Fe High Tech,Hyundai Santa Fe High Tech,,Аренда Hyundai Santa Fe High Tech без водителя от 70 000 ₸ в сутки. Фотографии  скидки и условия Legion Auto Rent.,Аренда Hyundai Santa Fe High Tech,Аренда Hyundai Santa Fe High Tech,https://legionautorent.kz/car/hyundai-santa-fe-high-tech,https://legionautorent.kz/car/hyundai-santa-fe-high-tech,4,8,3,3,5,True,,Empty legacy SEO filled
https://legionautorent.kz/car/hyundai-santa-fe_20241218064857,200,200,200,200,Hyundai Santa Fe,Hyundai Santa Fe,,Аренда Hyundai Santa Fe без водителя от 70 000 ₸ в сутки. Фотографии  скидки и условия Legion Auto Rent.,Аренда Hyundai Santa Fe,Аренда Hyundai Santa Fe,https://legionautorent.kz/car/hyundai-santa-fe_20241218064857,https://legionautorent.kz/car/hyundai-santa-fe_20241218064857,6,10,5,5,5,True,,Empty legacy SEO filled
https://legionautorent.kz/car/hyundai-tucson_20240914134010,200,200,200,200,Hyundai Tucson,Hyundai Tucson,,Аренда Hyundai Tucson без водителя от 40 000 ₸ в сутки. Фотографии  скидки и условия Legion Auto Rent.,Аренда Hyundai Tucson,Аренда Hyundai Tucson,https://legionautorent.kz/car/hyundai-tucson_20240914134010,https://legionautorent.kz/car/hyundai-tucson_20240914134010,4,8,3,3,5,True,,Empty legacy SEO filled
https://legionautorent.kz/car/kia-cerato-gt-line,200,200,200,200,KIA CERATO GT-LINE,KIA CERATO GT-LINE,,Аренда KIA CERATO GT-LINE без водителя от 35 000 ₸ в сутки. Фотографии  скидки и условия Legion Auto Rent.,Аренда KIA CERATO GT-LINE,Аренда KIA CERATO GT-LINE,https://legionautorent.kz/car/kia-cerato-gt-line,https://legionautorent.kz/car/kia-cerato-gt-line,5,9,4,4,5,True,,Empty legacy SEO filled
https://legionautorent.kz/car/kia-k-5_20240701073837,200,200,200,200,KIA K-5,KIA K-5,,Аренда KIA K-5 без водителя от 45 000 ₸ в сутки. Фотографии  скидки и условия Legion Auto Rent.,Аренда KIA K-5,Аренда KIA K-5,https://legionautorent.kz/car/kia-k-5_20240701073837,https://legionautorent.kz/car/kia-k-5_20240701073837,4,8,3,3,5,True,,Empty legacy SEO filled
https://legionautorent.kz/car/kia-sportage,200,200,200,200,KIA SPORTAGE,KIA SPORTAGE,,Аренда KIA SPORTAGE без водителя от 40 000 ₸ в сутки. Фотографии  скидки и условия Legion Auto Rent.,Аренда KIA SPORTAGE,Аренда KIA SPORTAGE,https://legionautorent.kz/car/kia-sportage,https://legionautorent.kz/car/kia-sportage,5,9,4,4,5,True,,Empty legacy SEO filled
https://legionautorent.kz/car/lixiang-l7-pro,200,200,200,200,LIXIANG L7 PRO,LIXIANG L7 PRO,,Аренда LIXIANG L7 PRO без водителя от 95 000 ₸ в сутки. Фотографии  скидки и условия Legion Auto Rent.,Аренда LIXIANG L7 PRO,Аренда LIXIANG L7 PRO,https://legionautorent.kz/car/lixiang-l7-pro,https://legionautorent.kz/car/lixiang-l7-pro,4,8,3,3,5,True,,Empty legacy SEO filled
https://legionautorent.kz/car/mercedes-w222-s-63-amg,200,200,200,200,Mercedes W222 S-63 AMG,Mercedes W222 S-63 AMG,,Аренда Mercedes W222 S-63 AMG без водителя от 300 000 ₸ в сутки. Фотографии  скидки и условия Legion Auto Rent.,Аренда Mercedes W222 S-63 AMG,Аренда Mercedes W222 S-63 AMG,https://legionautorent.kz/car/mercedes-w222-s-63-amg,https://legionautorent.kz/car/mercedes-w222-s-63-amg,4,8,3,3,5,True,,Empty legacy SEO filled
https://legionautorent.kz/car/toyota-camry-xv-75,200,200,200,200,TOYOTA CAMRY XV 75,TOYOTA CAMRY XV 75,,Аренда TOYOTA CAMRY XV 75 без водителя от 50 000 ₸ в сутки. Фотографии  скидки и условия Legion Auto Rent.,Аренда TOYOTA CAMRY XV 75,Аренда TOYOTA CAMRY XV 75,https://legionautorent.kz/car/toyota-camry-xv-75,https://legionautorent.kz/car/toyota-camry-xv-75,4,8,3,3,5,True,,Empty legacy SEO filled
https://legionautorent.kz/car/toyota-camry-xv-75_20260408104311,200,200,200,200,Toyota Camry XV 75,Toyota Camry XV 75,,Аренда Toyota Camry XV 75 без водителя от 55 000 ₸ в сутки. Фотографии  скидки и условия Legion Auto Rent.,Аренда Toyota Camry XV 75,Аренда Toyota Camry XV 75,https://legionautorent.kz/car/toyota-camry-xv-75_20260408104311,https://legionautorent.kz/car/toyota-camry-xv-75_20260408104311,5,9,4,4,5,True,,Empty legacy SEO filled
https://legionautorent.kz/car/toyota-camry-xv-80,200,200,200,200,Toyota Camry XV 80,Toyota Camry XV 80,,Аренда Toyota Camry XV 80 без водителя от 75 000 ₸ в сутки. Фотографии  скидки и условия Legion Auto Rent.,Аренда Toyota Camry XV 80,Аренда Toyota Camry XV 80,https://legionautorent.kz/car/toyota-camry-xv-80,https://legionautorent.kz/car/toyota-camry-xv-80,5,9,4,4,5,True,,Empty legacy SEO filled
https://legionautorent.kz/car/toyota-camry-xv-80_20251115074721,200,200,200,200,Toyota Camry XV 80,Toyota Camry XV 80,,Аренда Toyota Camry XV 80 без водителя от 75 000 ₸ в сутки. Фотографии  скидки и условия Legion Auto Rent.,Аренда Toyota Camry XV 80,Аренда Toyota Camry XV 80,https://legionautorent.kz/car/toyota-camry-xv-80_20251115074721,https://legionautorent.kz/car/toyota-camry-xv-80_20251115074721,4,8,3,3,5,True,,Empty legacy SEO filled
https://legionautorent.kz/car/toyota-highlander,200,200,200,200,Toyota Highlander,Toyota Highlander,,Аренда Toyota Highlander без водителя от 90 000 ₸ в сутки. Фотографии  скидки и условия Legion Auto Rent.,Аренда Toyota Highlander,Аренда Toyota Highlander,https://legionautorent.kz/car/toyota-highlander,https://legionautorent.kz/car/toyota-highlander,4,8,3,3,5,True,,Empty legacy SEO filled
https://legionautorent.kz/car/toyota-land-cruiser-200_20240926132114,200,200,200,200,Toyota Land Cruiser 200,Toyota Land Cruiser 200,,Аренда Toyota Land Cruiser 200 без водителя от 95 000 ₸ в сутки. Фотографии  скидки и условия Legion Auto Rent.,Аренда Toyota Land Cruiser 200,Аренда Toyota Land Cruiser 200,https://legionautorent.kz/car/toyota-land-cruiser-200_20240926132114,https://legionautorent.kz/car/toyota-land-cruiser-200_20240926132114,4,8,3,3,5,True,,Empty legacy SEO filled
https://legionautorent.kz/car/toyota-land-cruiser-200_20250604084050,200,200,200,200,Toyota Land Cruiser 200,Toyota Land Cruiser 200,,Аренда Toyota Land Cruiser 200 без водителя от 95 000 ₸ в сутки. Фотографии  скидки и условия Legion Auto Rent.,Аренда Toyota Land Cruiser 200,Аренда Toyota Land Cruiser 200,https://legionautorent.kz/car/toyota-land-cruiser-200_20250604084050,https://legionautorent.kz/car/toyota-land-cruiser-200_20250604084050,4,8,3,3,5,True,,Empty legacy SEO filled
https://legionautorent.kz/car/toyota-lc-200-excalibur_20250827073659,200,200,200,200,Toyota Lc 200 Excalibur,Toyota Lc 200 Excalibur,,Аренда Toyota Lc 200 Excalibur без водителя от 120 000 ₸ в сутки. Фотографии  скидки и условия Legion Auto Rent.,Аренда Toyota Lc 200 Excalibur,Аренда Toyota Lc 200 Excalibur,https://legionautorent.kz/car/toyota-lc-200-excalibur_20250827073659,https://legionautorent.kz/car/toyota-lc-200-excalibur_20250827073659,5,9,4,4,5,True,,Empty legacy SEO filled
https://legionautorent.kz/car/toyota-lc-200_20240626072039,200,200,200,200,TOYOTA LC 200,TOYOTA LC 200,,Аренда TOYOTA LC 200 без водителя от 95 000 ₸ в сутки. Фотографии  скидки и условия Legion Auto Rent.,Аренда TOYOTA LC 200,Аренда TOYOTA LC 200,https://legionautorent.kz/car/toyota-lc-200_20240626072039,https://legionautorent.kz/car/toyota-lc-200_20240626072039,4,8,3,3,5,True,,Empty legacy SEO filled
https://legionautorent.kz/car/chery-tiggo-4,200,200,200,200,CHERY TIGGO 4,CHERY TIGGO 4,,Аренда CHERY TIGGO 4 без водителя от 35 000 ₸ в сутки. Фотографии  скидки и условия Legion Auto Rent.,Аренда CHERY TIGGO 4,Аренда CHERY TIGGO 4,https://legionautorent.kz/car/chery-tiggo-4,https://legionautorent.kz/car/chery-tiggo-4,5,9,4,4,5,True,,Empty legacy SEO filled
https://legionautorent.kz/car/hyundai-accent_20240611104858,200,200,200,200,Hyundai Accent,Hyundai Accent,,Аренда Hyundai Accent без водителя от 20 000 ₸ в сутки. Фотографии  скидки и условия Legion Auto Rent.,Аренда Hyundai Accent,Аренда Hyundai Accent,https://legionautorent.kz/car/hyundai-accent_20240611104858,https://legionautorent.kz/car/hyundai-accent_20240611104858,4,8,3,3,5,True,,Empty legacy SEO filled
https://legionautorent.kz/car/kia-ceed,200,200,200,200,KIA CEED,KIA CEED,,Аренда KIA CEED без водителя от 35 000 ₸ в сутки. Фотографии  скидки и условия Legion Auto Rent.,Аренда KIA CEED,Аренда KIA CEED,https://legionautorent.kz/car/kia-ceed,https://legionautorent.kz/car/kia-ceed,4,8,3,3,5,True,,Empty legacy SEO filled
https://legionautorent.kz/car/kia-seltos_20240920104836,200,200,200,200,KIA SELTOS,KIA SELTOS,,Аренда KIA SELTOS без водителя от 35 000 ₸ в сутки. Фотографии  скидки и условия Legion Auto Rent.,Аренда KIA SELTOS,Аренда KIA SELTOS,https://legionautorent.kz/car/kia-seltos_20240920104836,https://legionautorent.kz/car/kia-seltos_20240920104836,5,9,4,4,5,True,,Empty legacy SEO filled
https://legionautorent.kz/car/kia-sportage_20260729090852,200,200,200,200,Kia Sportage,Kia Sportage,,Аренда Kia Sportage без водителя от 40 000 ₸ в сутки. Фотографии  скидки и условия Legion Auto Rent.,Аренда Kia Sportage,Аренда Kia Sportage,https://legionautorent.kz/car/kia-sportage_20260729090852,https://legionautorent.kz/car/kia-sportage_20260729090852,5,9,4,4,5,True,,Empty legacy SEO filled
https://legionautorent.kz/car/toyota-camry-xv70,200,200,200,200,Toyota Camry XV70,Toyota Camry XV70,,Аренда Toyota Camry XV70 без водителя от 45 000 ₸ в сутки. Фотографии  скидки и условия Legion Auto Rent.,Аренда Toyota Camry XV70,Аренда Toyota Camry XV70,https://legionautorent.kz/car/toyota-camry-xv70,https://legionautorent.kz/car/toyota-camry-xv70,4,8,3,3,5,True,,Empty legacy SEO filled
https://legionautorent.kz/car/toyota-xv50,200,200,200,200,Toyota XV50,Toyota XV50,,Аренда Toyota XV50 без водителя от 30 000 ₸ в сутки. Фотографии  скидки и условия Legion Auto Rent.,Аренда Toyota XV50,Аренда Toyota XV50,https://legionautorent.kz/car/toyota-xv50,https://legionautorent.kz/car/toyota-xv50,4,8,3,3,5,True,,Empty legacy SEO filled
https://legionautorent.kz/car/changan-x5-plus_20260810090844,200,200,200,200,Changan X5 Plus,Changan X5 Plus,,Аренда Changan X5 Plus без водителя от 30 000 ₸ в сутки. Фотографии  скидки и условия Legion Auto Rent.,Аренда Changan X5 Plus,Аренда Changan X5 Plus,https://legionautorent.kz/car/changan-x5-plus_20260810090844,https://legionautorent.kz/car/changan-x5-plus_20260810090844,5,9,4,4,5,True,,Empty legacy SEO filled
https://legionautorent.kz/car/changan-x5-plus_20260901073633,200,200,200,200,Changan X5 Plus,Changan X5 Plus,,Аренда Changan X5 Plus без водителя от 30 000 ₸ в сутки. Фотографии  скидки и условия Legion Auto Rent.,Аренда Changan X5 Plus,Аренда Changan X5 Plus,https://legionautorent.kz/car/changan-x5-plus_20260901073633,https://legionautorent.kz/car/changan-x5-plus_20260901073633,4,8,3,3,5,True,,Empty legacy SEO filled
https://legionautorent.kz/car/chevrolet-cobalt_20241220111045,200,200,200,200,Chevrolet Cobalt,Chevrolet Cobalt,,Аренда Chevrolet Cobalt без водителя от 20 000 ₸ в сутки. Фотографии  скидки и условия Legion Auto Rent.,Аренда Chevrolet Cobalt,Аренда Chevrolet Cobalt,https://legionautorent.kz/car/chevrolet-cobalt_20241220111045,https://legionautorent.kz/car/chevrolet-cobalt_20241220111045,4,8,3,3,5,True,,Empty legacy SEO filled
https://legionautorent.kz/car/chevrolet-cobalt_20251111103617,200,200,200,200,Chevrolet Cobalt,Chevrolet Cobalt,,Аренда Chevrolet Cobalt без водителя от 20 000 ₸ в сутки. Фотографии  скидки и условия Legion Auto Rent.,Аренда Chevrolet Cobalt,Аренда Chevrolet Cobalt,https://legionautorent.kz/car/chevrolet-cobalt_20251111103617,https://legionautorent.kz/car/chevrolet-cobalt_20251111103617,4,8,3,3,5,True,,Empty legacy SEO filled
https://legionautorent.kz/car/hyundai-creta,200,200,200,200,HYUNDAI CRETA,HYUNDAI CRETA,,Аренда HYUNDAI CRETA без водителя от 28 000 ₸ в сутки. Фотографии  скидки и условия Legion Auto Rent.,Аренда HYUNDAI CRETA,Аренда HYUNDAI CRETA,https://legionautorent.kz/car/hyundai-creta,https://legionautorent.kz/car/hyundai-creta,4,8,3,3,5,True,,Empty legacy SEO filled
https://legionautorent.kz/car/hyundai-tucson_20260604100103,200,200,200,200,Hyundai Tucson,Hyundai Tucson,,Аренда Hyundai Tucson без водителя от 45 000 ₸ в сутки. Фотографии  скидки и условия Legion Auto Rent.,Аренда Hyundai Tucson,Аренда Hyundai Tucson,https://legionautorent.kz/car/hyundai-tucson_20260604100103,https://legionautorent.kz/car/hyundai-tucson_20260604100103,4,8,3,3,5,True,,Empty legacy SEO filled
https://legionautorent.kz/car/jac-j7,200,200,200,200,JAC J7,JAC J7,,Аренда JAC J7 без водителя от 25 000 ₸ в сутки. Фотографии  скидки и условия Legion Auto Rent.,Аренда JAC J7,Аренда JAC J7,https://legionautorent.kz/car/jac-j7,https://legionautorent.kz/car/jac-j7,4,8,3,3,5,True,,Empty legacy SEO filled
https://legionautorent.kz/car/kia-soul,200,200,200,200,KIA SOUL,KIA SOUL,,Аренда KIA SOUL без водителя от 25 000 ₸ в сутки. Фотографии  скидки и условия Legion Auto Rent.,Аренда KIA SOUL,Аренда KIA SOUL,https://legionautorent.kz/car/kia-soul,https://legionautorent.kz/car/kia-soul,4,8,3,3,5,True,,Empty legacy SEO filled
https://legionautorent.kz/car/lexus-es-250,200,200,200,200,Lexus Es 250,Lexus Es 250,,Аренда Lexus Es 250 без водителя от 45 000 ₸ в сутки. Фотографии  скидки и условия Legion Auto Rent.,Аренда Lexus Es 250,Аренда Lexus Es 250,https://legionautorent.kz/car/lexus-es-250,https://legionautorent.kz/car/lexus-es-250,4,8,3,3,5,True,,Empty legacy SEO filled
https://legionautorent.kz/car/toyota-camry-xv-55_20250605065343,200,200,200,200,Toyota Camry XV 55,Toyota Camry XV 55,,Аренда Toyota Camry XV 55 без водителя от 30 000 ₸ в сутки. Фотографии  скидки и условия Legion Auto Rent.,Аренда Toyota Camry XV 55,Аренда Toyota Camry XV 55,https://legionautorent.kz/car/toyota-camry-xv-55_20250605065343,https://legionautorent.kz/car/toyota-camry-xv-55_20250605065343,4,8,3,3,5,True,,Empty legacy SEO filled
https://legionautorent.kz/car/toyota-camry-xv-55_20260731072807,200,200,200,200,Toyota Camry XV 55,Toyota Camry XV 55,,Аренда Toyota Camry XV 55 без водителя от 35 000 ₸ в сутки. Фотографии  скидки и условия Legion Auto Rent.,Аренда Toyota Camry XV 55,Аренда Toyota Camry XV 55,https://legionautorent.kz/car/toyota-camry-xv-55_20260731072807,https://legionautorent.kz/car/toyota-camry-xv-55_20260731072807,4,8,3,3,5,True,,Empty legacy SEO filled
https://legionautorent.kz/car/toyota-lc-200-excalibur_20260615123651,200,200,200,200,TOYOTA LC 200 EXCALIBUR,TOYOTA LC 200 EXCALIBUR,,Аренда TOYOTA LC 200 EXCALIBUR без водителя от 150 000 ₸ в сутки. Фотографии  скидки и условия Legion Auto Rent.,Аренда TOYOTA LC 200 EXCALIBUR,Аренда TOYOTA LC 200 EXCALIBUR,https://legionautorent.kz/car/toyota-lc-200-excalibur_20260615123651,https://legionautorent.kz/car/toyota-lc-200-excalibur_20260615123651,4,8,3,3,5,True,,Empty legacy SEO filled
https://legionautorent.kz/car/toyota-rav4_20241007122739,200,200,200,200,Toyota RAV4,Toyota RAV4,,Аренда Toyota RAV4 без водителя от 35 000 ₸ в сутки. Фотографии  скидки и условия Legion Auto Rent.,Аренда Toyota RAV4,Аренда Toyota RAV4,https://legionautorent.kz/car/toyota-rav4_20241007122739,https://legionautorent.kz/car/toyota-rav4_20241007122739,4,8,3,3,5,True,,Empty legacy SEO filled
